identifier;dataset_identifier;SheetContext;ZorDepthBot;RADIO_CalibC14_Notes_simpl;RADIO_CalibC14__yrmax;RADIO_CalibC14__yrmin;RADIO_CalibC14_from_yrmax;RADIO_CalibC14_from_yrmin;RADIO_CalibC14_to_yrmax;RADIO_CalibC14_to_yrmin;RADIO_CalibC14_Method;RADIO_TL_yrmin;RADIO_TL_yrmax;RADIO_TL_Method;RADIO;CAL_From_BP;CAL_To_BP;CALENDAR;PER_Notes;PER_BeginBP;PER_EndBP;PERIOD;P1_RADIO_To;P1_RADIO_From;P2_RADIO_To;P2_RADIO_From;P3_CAL_To;P3_CAL_From;P4_PER_To;P4_PER_From;Chosen_C14;Chosen_OtherRadio;Chosen_Calendar;Chosen_Period;RadioAndCalendarAvailable;NoDates;C14_older_than_30000BP;From_Method;To_Method;From_AgeErrorOrPlusError;To_AgeErrorOrPlusError;AgeFrom;AgeTo;ss
Aston on Trent|COUN001732|<11>;Aston on Trent|COUN001732;Other Palaeo;;;;;;;;;;;;;False;;;False;;10000;0;True;;;;;;;0;10000;;;;True;;;;;;;;10000;0;
Aston on Trent|COUN001732|<12>;Aston on Trent|COUN001732;Other Palaeo;;;;;;;;;;;;;False;3469;3339;True;;10000;0;True;;;;;3339;3469;0;10000;;;True;;;;;;;;;3469;3339;
Aston on Trent|COUN001732|<17>;Aston on Trent|COUN001732;Other Palaeo;;;;;;;;;;;;;False;;;False;;10000;0;True;;;;;;;0;10000;;;;True;;;;;;;;10000;0;
Aston on Trent|COUN001732|<18>;Aston on Trent|COUN001732;Other Palaeo;;;;;;;;;;;;;False;;;False;;10000;0;True;;;;;;;0;10000;;;;True;;;;;;;;10000;0;
Aston on Trent|COUN001732|<3-4>;Aston on Trent|COUN001732;Other Palaeo;;;;;;;;;;;;;False;;;False;;10000;0;True;;;;;;;0;10000;;;;True;;;;;;;;10000;0;
Aston on Trent|COUN001732|<44>;Aston on Trent|COUN001732;Other Palaeo;;;;;;;;;;;;;False;;;False;;10000;0;True;;;;;;;0;10000;;;;True;;;;;;;;10000;0;
Aston on Trent|COUN001732|<46>;Aston on Trent|COUN001732;Other Palaeo;;;;;;;;;;;;;False;3549;3209;True;;10000;0;True;;;;;3209;3549;0;10000;;;True;;;;;;;;;3549;3209;
Aston on Trent|COUN001732|<47>;Aston on Trent|COUN001732;Other Palaeo;;;;;;;;;;;;;False;;;False;;10000;0;True;;;;;;;0;10000;;;;True;;;;;;;;10000;0;
Aston on Trent|COUN001732|<5>;Aston on Trent|COUN001732;Other Palaeo;;;;;;;;;;;;;False;3389;3209;True;;10000;0;True;;;;;3209;3389;0;10000;;;True;;;;;;;;;3389;3209;
Aston on Trent|COUN001732|<51>;Aston on Trent|COUN001732;Other Palaeo;;;;;;;;;;;;;False;3549;3209;True;;10000;0;True;;;;;3209;3549;0;10000;;;True;;;;;;;;;3549;3209;
Aston on Trent|COUN001732|<52>;Aston on Trent|COUN001732;Other Palaeo;;;;;;;;;;;;;False;;;False;;10000;0;True;;;;;;;0;10000;;;;True;;;;;;;;10000;0;
Aston on Trent|COUN001732|<6>;Aston on Trent|COUN001732;Other Palaeo;;;;;;;;;;;;;False;;;False;;10000;0;True;;;;;;;0;10000;;;;True;;;;;;;;10000;0;
Aston on Trent|COUN001732|<7>;Aston on Trent|COUN001732;Other Palaeo;;;;;;;;;;;;;False;3389;3259;True;;10000;0;True;;;;;3259;3389;0;10000;;;True;;;;;;;;;3389;3259;
Barrow-upon-Trent|COUN001729|S1;Barrow-upon-Trent|COUN001729;Stratigraphic sequence;10;;;;;;;;;;;;False;;;False;;;;False;;;;;;;;;;;;;;True;;;;;;;;
Barrow-upon-Trent|COUN001729|S2;Barrow-upon-Trent|COUN001729;Stratigraphic sequence;20;;;;;;;;;;;;False;;;False;;;;False;;;;;;;;;;;;;;True;;;;;;;;
Barrow-upon-Trent|COUN001729|S3;Barrow-upon-Trent|COUN001729;Stratigraphic sequence;30;;;;;;;;;;;;False;;;False;;;;False;;;;;;;;;;;;;;True;;;;;;;;
Barrow-upon-Trent|COUN001729|S4;Barrow-upon-Trent|COUN001729;Stratigraphic sequence;40;;;;;;;;;;;;False;;;False;;;;False;;;;;;;;;;;;;;True;;;;;;;;
Barrow-upon-Trent|COUN001729|S5;Barrow-upon-Trent|COUN001729;Stratigraphic sequence;50;;;;;;;;;;;;False;;;False;;;;False;;;;;;;;;;;;;;True;;;;;;;;
Barrow-upon-Trent|COUN001729|S6;Barrow-upon-Trent|COUN001729;Stratigraphic sequence;60;;;;;;;;;;;;False;;;False;;;;False;;;;;;;;;;;;;;True;;;;;;;;
Barrow-upon-Trent|COUN001729|S7;Barrow-upon-Trent|COUN001729;Stratigraphic sequence;70;;;;;;;;;;;;False;;;False;;;;False;;;;;;;;;;;;;;True;;;;;;;;
Bay of Ireland|COUN001705|S100-110;Bay of Ireland|COUN001705;Stratigraphic sequence;;;;;;;5440;5060;CalibC14;;;;True;;;False;;10000;0;True;5060;;;;;;0;10000;True;;;;;;;;;;;10000;5060;
Bay of Ireland|COUN001705|S110-120;Bay of Ireland|COUN001705;Stratigraphic sequence;;;;;;;;;;;;;False;;;False;;10000;0;True;;;;;;;0;10000;;;;True;;;;;;;;10000;0;
Bay of Ireland|COUN001705|S120-130;Bay of Ireland|COUN001705;Stratigraphic sequence;;;;;;;;;;;;;False;;;False;;10000;0;True;;;;;;;0;10000;;;;True;;;;;;;;10000;0;
Bay of Ireland|COUN001705|S130-140;Bay of Ireland|COUN001705;Stratigraphic sequence;;;;;;;;;;;;;False;;;False;;10000;0;True;;;;;;;0;10000;;;;True;;;;;;;;10000;0;
Bay of Ireland|COUN001705|S140-150;Bay of Ireland|COUN001705;Stratigraphic sequence;;;;;;;;;;;;;False;;;False;;10000;0;True;;;;;;;0;10000;;;;True;;;;;;;;10000;0;
Bay of Ireland|COUN001705|S150-160;Bay of Ireland|COUN001705;Stratigraphic sequence;;;;;;;;;;;;;False;;;False;;10000;0;True;;;;;;;0;10000;;;;True;;;;;;;;10000;0;
Bay of Ireland|COUN001705|S160-170;Bay of Ireland|COUN001705;Stratigraphic sequence;;;6390;6200;;;;;CalibC14;;;;True;;;False;;10000;0;True;6200;6390;;;;;0;10000;True;;;;;;;;;;;6390;6200;
Bay of Ireland|COUN001705|S170-180;Bay of Ireland|COUN001705;Stratigraphic sequence;;;;;;;;;;;;;False;;;False;;10000;0;True;;;;;;;0;10000;;;;True;;;;;;;;10000;0;
Bay of Ireland|COUN001705|S180-190;Bay of Ireland|COUN001705;Stratigraphic sequence;;;;;;;;;;;;;False;;;False;;10000;0;True;;;;;;;0;10000;;;;True;;;;;;;;10000;0;
Bay of Ireland|COUN001705|S190-200;Bay of Ireland|COUN001705;Stratigraphic sequence;;;;;6940;6675;;;CalibC14;;;;True;;;False;;10000;0;True;;6940;;;;;0;10000;True;;;;;;;;;;;6940;0;
Chelford: Norfolk Farm (Oakwood West)|COUN001754|C3a;Chelford: Norfolk Farm (Oakwood West)|COUN001754;Other Palaeo;;;;;;;;;;818900;842600;TL;True;;;False;;;;False;;;818900;842600;;;;;;True;;;;;;TL;TL;8500;8200;851100;810700;
Chelford: Norfolk Farm (Oakwood West)|COUN001754|C3b;Chelford: Norfolk Farm (Oakwood West)|COUN001754;Other Palaeo;;;;;;;;;;818900;842600;TL;True;;;False;;;;False;;;818900;842600;;;;;;True;;;;;;TL;TL;8500;8200;851100;810700;
Chelford: Norfolk Farm (Oakwood West)|COUN001754|C3c;Chelford: Norfolk Farm (Oakwood West)|COUN001754;Other Palaeo;;;;;;;;;;818900;842600;TL;True;;;False;;;;False;;;818900;842600;;;;;;True;;;;;;TL;TL;8500;8200;851100;810700;
Chelford: Norfolk Farm (Oakwood West)|COUN001754|C3d;Chelford: Norfolk Farm (Oakwood West)|COUN001754;Other Palaeo;;;;;;;;;;818900;842600;TL;True;;;False;;;;False;;;818900;842600;;;;;;True;;;;;;TL;TL;8500;8200;851100;810700;
Chelford: Norfolk Farm (Oakwood West)|COUN001754|COS;Chelford: Norfolk Farm (Oakwood West)|COUN001754;Other Palaeo;;;;;;;;;;818900;842600;TL;True;;;False;;;;False;;;818900;842600;;;;;;True;;;;;;TL;TL;8500;8200;851100;810700;
Chelford: Norfolk Farm (Oakwood West)|COUN001754|NEM1;Chelford: Norfolk Farm (Oakwood West)|COUN001754;Other Palaeo;30;;;;;;;;;818900;842600;TL;True;;;False;;;;False;;;818900;842600;;;;;;True;;;;;;TL;TL;8500;8200;851100;810700;
Chelford: Norfolk Farm (Oakwood West)|COUN001754|NEM1B;Chelford: Norfolk Farm (Oakwood West)|COUN001754;Other Palaeo;30;;;;;;;;;818900;842600;TL;True;;;False;;;;False;;;818900;842600;;;;;;True;;;;;;TL;TL;8500;8200;851100;810700;
Chelford: Norfolk Farm (Oakwood West)|COUN001754|NEM2;Chelford: Norfolk Farm (Oakwood West)|COUN001754;Other Palaeo;25;;;;;;;;;818900;842600;TL;True;;;False;;;;False;;;818900;842600;;;;;;True;;;;;;TL;TL;8500;8200;851100;810700;
Chelford: Norfolk Farm (Oakwood West)|COUN001754|NEM2B;Chelford: Norfolk Farm (Oakwood West)|COUN001754;Other Palaeo;25;;;;;;;;;818900;842600;TL;True;;;False;;;;False;;;818900;842600;;;;;;True;;;;;;TL;TL;8500;8200;851100;810700;
Chelford: Norfolk Farm (Oakwood West)|COUN001754|NEM3;Chelford: Norfolk Farm (Oakwood West)|COUN001754;Other Palaeo;20;;;;;;;;;818900;842600;TL;True;;;False;;;;False;;;818900;842600;;;;;;True;;;;;;TL;TL;8500;8200;851100;810700;
Chelford: Norfolk Farm (Oakwood West)|COUN001754|NEM3B;Chelford: Norfolk Farm (Oakwood West)|COUN001754;Other Palaeo;20;;;;;;;;;818900;842600;TL;True;;;False;;;;False;;;818900;842600;;;;;;True;;;;;;TL;TL;8500;8200;851100;810700;
Chelford: Norfolk Farm (Oakwood West)|COUN001754|NEM4;Chelford: Norfolk Farm (Oakwood West)|COUN001754;Other Palaeo;15;;;;;;;;;818900;842600;TL;True;;;False;;;;False;;;818900;842600;;;;;;True;;;;;;TL;TL;8500;8200;851100;810700;
Chelford: Norfolk Farm (Oakwood West)|COUN001754|NEM4B;Chelford: Norfolk Farm (Oakwood West)|COUN001754;Other Palaeo;15;;;;;;;;;818900;842600;TL;True;;;False;;;;False;;;818900;842600;;;;;;True;;;;;;TL;TL;8500;8200;851100;810700;
Chelford: Norfolk Farm (Oakwood West)|COUN001754|NEM5;Chelford: Norfolk Farm (Oakwood West)|COUN001754;Other Palaeo;10;;;;;;;;;818900;842600;TL;True;;;False;;;;False;;;818900;842600;;;;;;True;;;;;;TL;TL;8500;8200;851100;810700;
Chelford: Norfolk Farm (Oakwood West)|COUN001754|NEM5B;Chelford: Norfolk Farm (Oakwood West)|COUN001754;Other Palaeo;10;;;;;;;;;818900;842600;TL;True;;;False;;;;False;;;818900;842600;;;;;;True;;;;;;TL;TL;8500;8200;851100;810700;
Chelford: Norfolk Farm (Oakwood West)|COUN001754|NEM6;Chelford: Norfolk Farm (Oakwood West)|COUN001754;Other Palaeo;5;;;;;;;;;818900;842600;TL;True;;;False;;;;False;;;818900;842600;;;;;;True;;;;;;TL;TL;8500;8200;851100;810700;
Chelford: Norfolk Farm (Oakwood West)|COUN001754|NEM6B;Chelford: Norfolk Farm (Oakwood West)|COUN001754;Other Palaeo;5;;;;;;;;;818900;842600;TL;True;;;False;;;;False;;;818900;842600;;;;;;True;;;;;;TL;TL;8500;8200;851100;810700;
Chelford: Norfolk Farm (Oakwood West)|COUN001754|NEM7;Chelford: Norfolk Farm (Oakwood West)|COUN001754;Other Palaeo;0;;;;;;;;;818900;842600;TL;True;;;False;;;;False;;;818900;842600;;;;;;True;;;;;;TL;TL;8500;8200;851100;810700;
Chelford: Norfolk Farm (Oakwood West)|COUN001754|NEM7B;Chelford: Norfolk Farm (Oakwood West)|COUN001754;Other Palaeo;0;;;;;;;;;818900;842600;TL;True;;;False;;;;False;;;818900;842600;;;;;;True;;;;;;TL;TL;8500;8200;851100;810700;
Chelford: Norfolk Farm (Oakwood West)|COUN001754|SP;Chelford: Norfolk Farm (Oakwood West)|COUN001754;Other Palaeo;;;;;;;;;;818900;842600;TL;True;;;False;;;;False;;;818900;842600;;;;;;True;;;;;;TL;TL;8500;8200;851100;810700;
Chelford: Norfolk Farm (Oakwood West)|COUN001754|SWM1a;Chelford: Norfolk Farm (Oakwood West)|COUN001754;Other Palaeo;;;;;;;;;;818900;842600;TL;True;;;False;;;;False;;;818900;842600;;;;;;True;;;;;;TL;TL;8500;8200;851100;810700;
Chelford: Norfolk Farm (Oakwood West)|COUN001754|SWM1b;Chelford: Norfolk Farm (Oakwood West)|COUN001754;Other Palaeo;;;;;;;;;;818900;842600;TL;True;;;False;;;;False;;;818900;842600;;;;;;True;;;;;;TL;TL;8500;8200;851100;810700;
Chelford: Norfolk Farm (Oakwood West)|COUN001754|SWM1c;Chelford: Norfolk Farm (Oakwood West)|COUN001754;Other Palaeo;;;;;;;;;;818900;842600;TL;True;;;False;;;;False;;;818900;842600;;;;;;True;;;;;;TL;TL;8500;8200;851100;810700;
Culm valley|COUN001712|S110-125;Culm valley|COUN001712;Stratigraphic sequence;;;;;;;;;;;;;False;;;False;;;;False;;;;;;;;;;;;;;True;;;;;;;;
Culm valley|COUN001712|S125-140;Culm valley|COUN001712;Stratigraphic sequence;;;;;;;;;;;;;False;;;False;;;;False;;;;;;;;;;;;;;True;;;;;;;;
Culm valley|COUN001712|S140-155;Culm valley|COUN001712;Stratigraphic sequence;;;;;;;;;;;;;False;;;False;;;;False;;;;;;;;;;;;;;True;;;;;;;;
Culm valley|COUN001712|S155-170;Culm valley|COUN001712;Stratigraphic sequence;;;;;;;;;;;;;False;;;False;;;;False;;;;;;;;;;;;;;True;;;;;;;;
Culm valley|COUN001712|S95-110;Culm valley|COUN001712;Stratigraphic sequence;;;;;;;;;;;;;False;;;False;;;;False;;;;;;;;;;;;;;True;;;;;;;;
Culm valley|COUN001713|Columbjohn_Bar;Culm valley|COUN001713;Stratigraphic sequence;;;;;;;;;;;;;False;;;False;;;;False;;;;;;;;;;;;;;True;;;;;;;;
Culm valley|COUN001713|Columbjohn_Cutoff_1a;Culm valley|COUN001713;Stratigraphic sequence;;;;;;;;;;;;;False;;;False;;;;False;;;;;;;;;;;;;;True;;;;;;;;
Culm valley|COUN001713|Columbjohn_Cutoff_1b;Culm valley|COUN001713;Stratigraphic sequence;;;;;;;;;;;;;False;;;False;;;;False;;;;;;;;;;;;;;True;;;;;;;;
Culm valley|COUN001713|Columbjohn_Cutoff_2a;Culm valley|COUN001713;Stratigraphic sequence;;;;;;;;;;;;;False;;;False;;;;False;;;;;;;;;;;;;;True;;;;;;;;
Culm valley|COUN001713|Columbjohn_Cutoff_2b;Culm valley|COUN001713;Stratigraphic sequence;;;;;;;;;;;;;False;;;False;;;;False;;;;;;;;;;;;;;True;;;;;;;;
Culm valley|COUN001713|Columbjohn_Ditch;Culm valley|COUN001713;Stratigraphic sequence;;;;;;;;;;;;;False;;;False;;;;False;;;;;;;;;;;;;;True;;;;;;;;
Culm valley|COUN001713|Columbjohn_Overbank_1;Culm valley|COUN001713;Stratigraphic sequence;;;;;;;;;;;;;False;;;False;;;;False;;;;;;;;;;;;;;True;;;;;;;;
Culm valley|COUN001713|Columbjohn_Overbank_2;Culm valley|COUN001713;Stratigraphic sequence;;;;;;;;;;;;;False;;;False;;;;False;;;;;;;;;;;;;;True;;;;;;;;
Culm valley|COUN001713|Columbjohn_Pond_1;Culm valley|COUN001713;Stratigraphic sequence;;;;;;;;;;;;;False;;;False;;;;False;;;;;;;;;;;;;;True;;;;;;;;
Culm valley|COUN001713|Columbjohn_Pond_2;Culm valley|COUN001713;Stratigraphic sequence;;;;;;;;;;;;;False;;;False;;;;False;;;;;;;;;;;;;;True;;;;;;;;
Culm valley|COUN001713|Columbjohn10_150-160;Culm valley|COUN001713;Stratigraphic sequence;;;;;;;;;;;;;False;;;False;;;;False;;;;;;;;;;;;;;True;;;;;;;;
Culm valley|COUN001713|Columbjohn10_160-170;Culm valley|COUN001713;Stratigraphic sequence;;;;;;;;;;;;;False;;;False;;;;False;;;;;;;;;;;;;;True;;;;;;;;
Culm valley|COUN001713|Columbjohn11_135-150;Culm valley|COUN001713;Stratigraphic sequence;;;;;;;;;;;;;False;;;False;;;;False;;;;;;;;;;;;;;True;;;;;;;;
Culm valley|COUN001713|Columbjohn3__180-190;Culm valley|COUN001713;Stratigraphic sequence;;;;;;;;;;;;;False;;;False;;;;False;;;;;;;;;;;;;;True;;;;;;;;
Culm valley|COUN001713|Columbjohn3_140-150;Culm valley|COUN001713;Stratigraphic sequence;;;;;;;;;;;;;False;;;False;;;;False;;;;;;;;;;;;;;True;;;;;;;;
Culm valley|COUN001713|Columbjohn3_150-160;Culm valley|COUN001713;Stratigraphic sequence;;;;;;;;;;;;;False;;;False;;;;False;;;;;;;;;;;;;;True;;;;;;;;
Culm valley|COUN001713|Columbjohn3_160-170;Culm valley|COUN001713;Stratigraphic sequence;;;;;;;;;;;;;False;;;False;;;;False;;;;;;;;;;;;;;True;;;;;;;;
Culm valley|COUN001713|Columbjohn3_170-180;Culm valley|COUN001713;Stratigraphic sequence;;;;;;;;;;;;;False;;;False;;;;False;;;;;;;;;;;;;;True;;;;;;;;
Culm valley|COUN001713|Cutton_Alders_100-110;Culm valley|COUN001713;Stratigraphic sequence;;;;;;;;;;;;;False;;;False;;;;False;;;;;;;;;;;;;;True;;;;;;;;
Culm valley|COUN001713|Cutton_Alders_110-120;Culm valley|COUN001713;Stratigraphic sequence;;;;;;;;;;;;;False;;;False;;;;False;;;;;;;;;;;;;;True;;;;;;;;
Culm valley|COUN001713|Cutton_Alders_120-130;Culm valley|COUN001713;Stratigraphic sequence;;;;;;;;;;;;;False;;;False;;;;False;;;;;;;;;;;;;;True;;;;;;;;
Culm valley|COUN001713|Cutton_Alders_50-60;Culm valley|COUN001713;Stratigraphic sequence;;;;;;;;;;;;;False;;;False;;;;False;;;;;;;;;;;;;;True;;;;;;;;
Culm valley|COUN001713|Cutton_Alders_60-70;Culm valley|COUN001713;Stratigraphic sequence;;;;;;;;;;;;;False;;;False;;;;False;;;;;;;;;;;;;;True;;;;;;;;
Culm valley|COUN001713|Cutton_Alders_70-80;Culm valley|COUN001713;Stratigraphic sequence;;;;;;;;;;;;;False;;;False;;;;False;;;;;;;;;;;;;;True;;;;;;;;
Culm valley|COUN001713|Cutton_Alders_90-100;Culm valley|COUN001713;Stratigraphic sequence;;;;;;;;;;;;;False;;;False;;;;False;;;;;;;;;;;;;;True;;;;;;;;
Culm valley|COUN001713|Cutton_Alders_Ext_1;Culm valley|COUN001713;Stratigraphic sequence;;;;;;;;;;;;;False;;;False;;;;False;;;;;;;;;;;;;;True;;;;;;;;
Culm valley|COUN001713|Cutton_Alders_Ext_2;Culm valley|COUN001713;Stratigraphic sequence;;;;;;;;;;;;;False;;;False;;;;False;;;;;;;;;;;;;;True;;;;;;;;
Culm valley|COUN001713|Cutton_Alders_Ext_Ditch;Culm valley|COUN001713;Stratigraphic sequence;;;;;;;;;;;;;False;;;False;;;;False;;;;;;;;;;;;;;True;;;;;;;;
Culm valley|COUN001713|Cutton_Alders_Int_3;Culm valley|COUN001713;Stratigraphic sequence;;;;;;;;;;;;;False;;;False;;;;False;;;;;;;;;;;;;;True;;;;;;;;
Culm valley|COUN001713|Dead_Moor_Drain;Culm valley|COUN001713;Stratigraphic sequence;;;;;;;;;;;;;False;;;False;;;;False;;;;;;;;;;;;;;True;;;;;;;;
Culm valley|COUN001713|Dead_Moor_Field;Culm valley|COUN001713;Stratigraphic sequence;;;;;;;;;;;;;False;;;False;;;;False;;;;;;;;;;;;;;True;;;;;;;;
Culm valley|COUN001713|Dead_Moor_Reed_1;Culm valley|COUN001713;Stratigraphic sequence;;;;;;;;;;;;;False;;;False;;;;False;;;;;;;;;;;;;;True;;;;;;;;
Culm valley|COUN001713|Dead_Moor_Reed_2;Culm valley|COUN001713;Stratigraphic sequence;;;;;;;;;;;;;False;;;False;;;;False;;;;;;;;;;;;;;True;;;;;;;;
Culm valley|COUN001713|F100;Culm valley|COUN001713;Stratigraphic sequence;;;;;;;;;;;;;False;;;False;;;;False;;;;;;;;;;;;;;True;;;;;;;;
Culm valley|COUN001713|F101;Culm valley|COUN001713;Stratigraphic sequence;;;;;;;;;;;;;False;;;False;;;;False;;;;;;;;;;;;;;True;;;;;;;;
Culm valley|COUN001713|F102;Culm valley|COUN001713;Stratigraphic sequence;;;;;;;;;;;;;False;;;False;;;;False;;;;;;;;;;;;;;True;;;;;;;;
Culm valley|COUN001713|F103;Culm valley|COUN001713;Stratigraphic sequence;;;;;;;;;;;;;False;;;False;;;;False;;;;;;;;;;;;;;True;;;;;;;;
Culm valley|COUN001713|F104;Culm valley|COUN001713;Stratigraphic sequence;;;;;;;;;;;;;False;;;False;;;;False;;;;;;;;;;;;;;True;;;;;;;;
Culm valley|COUN001713|F105;Culm valley|COUN001713;Stratigraphic sequence;;;;;;;;;;;;;False;;;False;;;;False;;;;;;;;;;;;;;True;;;;;;;;
Culm valley|COUN001713|F106;Culm valley|COUN001713;Stratigraphic sequence;;;;;;;;;;;;;False;;;False;;;;False;;;;;;;;;;;;;;True;;;;;;;;
Culm valley|COUN001713|F107;Culm valley|COUN001713;Stratigraphic sequence;;;;;;;;;;;;;False;;;False;;;;False;;;;;;;;;;;;;;True;;;;;;;;
Culm valley|COUN001713|F108;Culm valley|COUN001713;Stratigraphic sequence;;;;;;;;;;;;;False;;;False;;;;False;;;;;;;;;;;;;;True;;;;;;;;
Culm valley|COUN001713|F65;Culm valley|COUN001713;Stratigraphic sequence;;;;;;;;;;;;;False;;;False;;;;False;;;;;;;;;;;;;;True;;;;;;;;
Culm valley|COUN001713|F66;Culm valley|COUN001713;Stratigraphic sequence;;;;;;;;;;;;;False;;;False;;;;False;;;;;;;;;;;;;;True;;;;;;;;
Culm valley|COUN001713|F67;Culm valley|COUN001713;Stratigraphic sequence;;;;;;;;;;;;;False;;;False;;;;False;;;;;;;;;;;;;;True;;;;;;;;
Culm valley|COUN001713|F68;Culm valley|COUN001713;Stratigraphic sequence;;;;;;;;;;;;;False;;;False;;;;False;;;;;;;;;;;;;;True;;;;;;;;
Culm valley|COUN001713|F69;Culm valley|COUN001713;Stratigraphic sequence;;;;;;;;;;;;;False;;;False;;;;False;;;;;;;;;;;;;;True;;;;;;;;
Culm valley|COUN001713|F70;Culm valley|COUN001713;Stratigraphic sequence;;;;;;;;;;;;;False;;;False;;;;False;;;;;;;;;;;;;;True;;;;;;;;
Culm valley|COUN001713|F71;Culm valley|COUN001713;Stratigraphic sequence;;;;;;;;;;;;;False;;;False;;;;False;;;;;;;;;;;;;;True;;;;;;;;
Culm valley|COUN001713|F72;Culm valley|COUN001713;Stratigraphic sequence;;;;;;;;;;;;;False;;;False;;;;False;;;;;;;;;;;;;;True;;;;;;;;
Culm valley|COUN001713|F73;Culm valley|COUN001713;Stratigraphic sequence;;;;;;;;;;;;;False;;;False;;;;False;;;;;;;;;;;;;;True;;;;;;;;
Culm valley|COUN001713|F74;Culm valley|COUN001713;Stratigraphic sequence;;;;;;;;;;;;;False;;;False;;;;False;;;;;;;;;;;;;;True;;;;;;;;
Culm valley|COUN001713|F75;Culm valley|COUN001713;Stratigraphic sequence;;;;;;;;;;;;;False;;;False;;;;False;;;;;;;;;;;;;;True;;;;;;;;
Culm valley|COUN001713|F76;Culm valley|COUN001713;Stratigraphic sequence;;;;;;;;;;;;;False;;;False;;;;False;;;;;;;;;;;;;;True;;;;;;;;
Culm valley|COUN001713|F77;Culm valley|COUN001713;Stratigraphic sequence;;;;;;;;;;;;;False;;;False;;;;False;;;;;;;;;;;;;;True;;;;;;;;
Culm valley|COUN001713|F78;Culm valley|COUN001713;Stratigraphic sequence;;;;;;;;;;;;;False;;;False;;;;False;;;;;;;;;;;;;;True;;;;;;;;
Culm valley|COUN001713|F79;Culm valley|COUN001713;Stratigraphic sequence;;;;;;;;;;;;;False;;;False;;;;False;;;;;;;;;;;;;;True;;;;;;;;
Culm valley|COUN001713|F80;Culm valley|COUN001713;Stratigraphic sequence;;;;;;;;;;;;;False;;;False;;;;False;;;;;;;;;;;;;;True;;;;;;;;
Culm valley|COUN001713|F81;Culm valley|COUN001713;Stratigraphic sequence;;;;;;;;;;;;;False;;;False;;;;False;;;;;;;;;;;;;;True;;;;;;;;
Culm valley|COUN001713|F82;Culm valley|COUN001713;Stratigraphic sequence;;;;;;;;;;;;;False;;;False;;;;False;;;;;;;;;;;;;;True;;;;;;;;
Culm valley|COUN001713|F83;Culm valley|COUN001713;Stratigraphic sequence;;;;;;;;;;;;;False;;;False;;;;False;;;;;;;;;;;;;;True;;;;;;;;
Culm valley|COUN001713|F84;Culm valley|COUN001713;Stratigraphic sequence;;;;;;;;;;;;;False;;;False;;;;False;;;;;;;;;;;;;;True;;;;;;;;
Culm valley|COUN001713|F85;Culm valley|COUN001713;Stratigraphic sequence;;;;;;;;;;;;;False;;;False;;;;False;;;;;;;;;;;;;;True;;;;;;;;
Culm valley|COUN001713|F86;Culm valley|COUN001713;Stratigraphic sequence;;;;;;;;;;;;;False;;;False;;;;False;;;;;;;;;;;;;;True;;;;;;;;
Culm valley|COUN001713|F87;Culm valley|COUN001713;Stratigraphic sequence;;;;;;;;;;;;;False;;;False;;;;False;;;;;;;;;;;;;;True;;;;;;;;
Culm valley|COUN001713|F88;Culm valley|COUN001713;Stratigraphic sequence;;;;;;;;;;;;;False;;;False;;;;False;;;;;;;;;;;;;;True;;;;;;;;
Culm valley|COUN001713|F89;Culm valley|COUN001713;Stratigraphic sequence;;;;;;;;;;;;;False;;;False;;;;False;;;;;;;;;;;;;;True;;;;;;;;
Culm valley|COUN001713|F90;Culm valley|COUN001713;Stratigraphic sequence;;;;;;;;;;;;;False;;;False;;;;False;;;;;;;;;;;;;;True;;;;;;;;
Culm valley|COUN001713|F91;Culm valley|COUN001713;Stratigraphic sequence;;;;;;;;;;;;;False;;;False;;;;False;;;;;;;;;;;;;;True;;;;;;;;
Culm valley|COUN001713|F92;Culm valley|COUN001713;Stratigraphic sequence;;;;;;;;;;;;;False;;;False;;;;False;;;;;;;;;;;;;;True;;;;;;;;
Culm valley|COUN001713|F93;Culm valley|COUN001713;Stratigraphic sequence;;;;;;;;;;;;;False;;;False;;;;False;;;;;;;;;;;;;;True;;;;;;;;
Culm valley|COUN001713|F94;Culm valley|COUN001713;Stratigraphic sequence;;;;;;;;;;;;;False;;;False;;;;False;;;;;;;;;;;;;;True;;;;;;;;
Culm valley|COUN001713|F95;Culm valley|COUN001713;Stratigraphic sequence;;;;;;;;;;;;;False;;;False;;;;False;;;;;;;;;;;;;;True;;;;;;;;
Culm valley|COUN001713|F96;Culm valley|COUN001713;Stratigraphic sequence;;;;;;;;;;;;;False;;;False;;;;False;;;;;;;;;;;;;;True;;;;;;;;
Culm valley|COUN001713|F97;Culm valley|COUN001713;Stratigraphic sequence;;;;;;;;;;;;;False;;;False;;;;False;;;;;;;;;;;;;;True;;;;;;;;
Culm valley|COUN001713|F98;Culm valley|COUN001713;Stratigraphic sequence;;;;;;;;;;;;;False;;;False;;;;False;;;;;;;;;;;;;;True;;;;;;;;
Culm valley|COUN001713|F99;Culm valley|COUN001713;Stratigraphic sequence;;;;;;;;;;;;;False;;;False;;;;False;;;;;;;;;;;;;;True;;;;;;;;
Culm valley|COUN001713|Five_Fords10_105-120;Culm valley|COUN001713;Stratigraphic sequence;;;;;;;;;;;;;False;;;False;;;;False;;;;;;;;;;;;;;True;;;;;;;;
Culm valley|COUN001713|Five_Fords10c_115-135;Culm valley|COUN001713;Stratigraphic sequence;;;;;;;;;;;;;False;;;False;;;;False;;;;;;;;;;;;;;True;;;;;;;;
Culm valley|COUN001713|Five_Fords9_60-80;Culm valley|COUN001713;Stratigraphic sequence;;;;;;;;;;;;;False;;;False;;;;False;;;;;;;;;;;;;;True;;;;;;;;
Culm valley|COUN001713|Hunkin_Wood_Bar;Culm valley|COUN001713;Stratigraphic sequence;;;;;;;;;;;;;False;;;False;;;;False;;;;;;;;;;;;;;True;;;;;;;;
Culm valley|COUN001713|Lower_Chitterley__80-90;Culm valley|COUN001713;Stratigraphic sequence;;;;;;;;;;;;;False;;;False;;;;False;;;;;;;;;;;;;;True;;;;;;;;
Culm valley|COUN001713|Lower_Chitterley_100-110;Culm valley|COUN001713;Stratigraphic sequence;;;;;;;;;;;;;False;;;False;;;;False;;;;;;;;;;;;;;True;;;;;;;;
Culm valley|COUN001713|Lower_Chitterley_40-50;Culm valley|COUN001713;Stratigraphic sequence;;;;;;;;;;;;;False;;;False;;;;False;;;;;;;;;;;;;;True;;;;;;;;
Culm valley|COUN001713|Lower_Chitterley_50-60;Culm valley|COUN001713;Stratigraphic sequence;;;;;;;;;;;;;False;;;False;;;;False;;;;;;;;;;;;;;True;;;;;;;;
Culm valley|COUN001713|Lower_Chitterley_60-70;Culm valley|COUN001713;Stratigraphic sequence;;;;;;;;;;;;;False;;;False;;;;False;;;;;;;;;;;;;;True;;;;;;;;
Culm valley|COUN001713|Lower_Chitterley_70-80;Culm valley|COUN001713;Stratigraphic sequence;;;;;;;;;;;;;False;;;False;;;;False;;;;;;;;;;;;;;True;;;;;;;;
Culm valley|COUN001713|Lower_Chitterley_90-100;Culm valley|COUN001713;Stratigraphic sequence;;;;;;;;;;;;;False;;;False;;;;False;;;;;;;;;;;;;;True;;;;;;;;
Culm valley|COUN001713|Old_Hall_40-50;Culm valley|COUN001713;Stratigraphic sequence;;;;;;;;;;;;;False;;;False;;;;False;;;;;;;;;;;;;;True;;;;;;;;
Culm valley|COUN001713|Old_Hall_50-60;Culm valley|COUN001713;Stratigraphic sequence;;;;;;;;;;;;;False;;;False;;;;False;;;;;;;;;;;;;;True;;;;;;;;
Culm valley|COUN001713|Old_Hall_60-70;Culm valley|COUN001713;Stratigraphic sequence;;;;;;;;;;;;;False;;;False;;;;False;;;;;;;;;;;;;;True;;;;;;;;
Culm valley|COUN001713|Old_Hall_70-76;Culm valley|COUN001713;Stratigraphic sequence;;;;;;;;;;;;;False;;;False;;;;False;;;;;;;;;;;;;;True;;;;;;;;
Culm valley|COUN001713|Old_Hall_80-90;Culm valley|COUN001713;Stratigraphic sequence;;;;;;;;;;;;;False;;;False;;;;False;;;;;;;;;;;;;;True;;;;;;;;
Culm valley|COUN001713|Old_Hall_Pond;Culm valley|COUN001713;Stratigraphic sequence;;;;;;;;;;;;;False;;;False;;;;False;;;;;;;;;;;;;;True;;;;;;;;
Culm valley|COUN001713|Palaeo;Culm valley|COUN001713;Stratigraphic sequence;;;;;;;;;;;;;False;;;False;;;;False;;;;;;;;;;;;;;True;;;;;;;;
Culm valley|COUN001713|Park_Farm_Overbank;Culm valley|COUN001713;Stratigraphic sequence;;;;;;;;;;;;;False;;;False;;;;False;;;;;;;;;;;;;;True;;;;;;;;
Culm valley|COUN001713|Smithincott1_110-125;Culm valley|COUN001713;Stratigraphic sequence;;;;;;;;;;;;;False;;;False;;;;False;;;;;;;;;;;;;;True;;;;;;;;
Culm valley|COUN001713|Smithincott1_125-140;Culm valley|COUN001713;Stratigraphic sequence;;;;;;;;;;;;;False;;;False;;;;False;;;;;;;;;;;;;;True;;;;;;;;
Culm valley|COUN001713|Smithincott1_140-155;Culm valley|COUN001713;Stratigraphic sequence;;;;;;;;;;;;;False;;;False;;;;False;;;;;;;;;;;;;;True;;;;;;;;
Culm valley|COUN001713|Smithincott1_155-170;Culm valley|COUN001713;Stratigraphic sequence;;;;;;;;;;;;;False;;;False;;;;False;;;;;;;;;;;;;;True;;;;;;;;
Culm valley|COUN001713|Smithincott1_95-110;Culm valley|COUN001713;Stratigraphic sequence;;;;;;;;;;;;;False;;;False;;;;False;;;;;;;;;;;;;;True;;;;;;;;
Culm valley|COUN001713|Westcott-Hele1_140-160;Culm valley|COUN001713;Stratigraphic sequence;;;;;;;;;;;;;False;;;False;;;;False;;;;;;;;;;;;;;True;;;;;;;;
Culm valley|COUN001713|Westcott-Hele1_190-205;Culm valley|COUN001713;Stratigraphic sequence;;;;;;;;;;;;;False;;;False;;;;False;;;;;;;;;;;;;;True;;;;;;;;
Culm valley|COUN001713|Westcott-Hele3_170-185;Culm valley|COUN001713;Stratigraphic sequence;;;;;;;;;;;;;False;;;False;;;;False;;;;;;;;;;;;;;True;;;;;;;;
Culm valley|COUN001713|Westcott-Hele3_185-200;Culm valley|COUN001713;Stratigraphic sequence;;;;;;;;;;;;;False;;;False;;;;False;;;;;;;;;;;;;;True;;;;;;;;
Culm valley|COUN001713|Westcott-Hele3_200-210;Culm valley|COUN001713;Stratigraphic sequence;;;;;;;;;;;;;False;;;False;;;;False;;;;;;;;;;;;;;True;;;;;;;;
Culm: Columbjohn Reach|COUN001717|C_Bar;Culm: Columbjohn Reach|COUN001717;Stratigraphic sequence;;;;;;;;;;;;;False;;;False;;10000;0;True;;;;;;;0;10000;;;;True;;;;;;;;10000;0;
Culm: Columbjohn Reach|COUN001717|C_Cutoff_1a;Culm: Columbjohn Reach|COUN001717;Stratigraphic sequence;;;;;;;;;;;;;False;;;False;;10000;0;True;;;;;;;0;10000;;;;True;;;;;;;;10000;0;
Culm: Columbjohn Reach|COUN001717|C_Cutoff_1b;Culm: Columbjohn Reach|COUN001717;Stratigraphic sequence;;;;;;;;;;;;;False;;;False;;10000;0;True;;;;;;;0;10000;;;;True;;;;;;;;10000;0;
Culm: Columbjohn Reach|COUN001717|C_Cutoff_2a;Culm: Columbjohn Reach|COUN001717;Stratigraphic sequence;;;;;;;;;;;;;False;;;False;;10000;0;True;;;;;;;0;10000;;;;True;;;;;;;;10000;0;
Culm: Columbjohn Reach|COUN001717|C_Cutoff_2b;Culm: Columbjohn Reach|COUN001717;Stratigraphic sequence;;;;;;;;;;;;;False;;;False;;10000;0;True;;;;;;;0;10000;;;;True;;;;;;;;10000;0;
Culm: Columbjohn Reach|COUN001717|C_Ditch;Culm: Columbjohn Reach|COUN001717;Stratigraphic sequence;;;;;;;;;;;;;False;;;False;;10000;0;True;;;;;;;0;10000;;;;True;;;;;;;;10000;0;
Culm: Columbjohn Reach|COUN001717|C_Overbank_1;Culm: Columbjohn Reach|COUN001717;Stratigraphic sequence;;;;;;;;;;;;;False;;;False;;10000;0;True;;;;;;;0;10000;;;;True;;;;;;;;10000;0;
Culm: Columbjohn Reach|COUN001717|C_Overbank_2;Culm: Columbjohn Reach|COUN001717;Stratigraphic sequence;;;;;;;;;;;;;False;;;False;;10000;0;True;;;;;;;0;10000;;;;True;;;;;;;;10000;0;
Culm: Columbjohn Reach|COUN001717|C_Pond_1;Culm: Columbjohn Reach|COUN001717;Stratigraphic sequence;;;;;;;;;;;;;False;;;False;;10000;0;True;;;;;;;0;10000;;;;True;;;;;;;;10000;0;
Culm: Columbjohn Reach|COUN001717|C_Pond_2;Culm: Columbjohn Reach|COUN001717;Stratigraphic sequence;;;;;;;;;;;;;False;;;False;;10000;0;True;;;;;;;0;10000;;;;True;;;;;;;;10000;0;
Culm: Columbjohn Reach|COUN001717|C10_150-160;Culm: Columbjohn Reach|COUN001717;Stratigraphic sequence;;;;;;;;;;;;;False;;;False;;10000;0;True;;;;;;;0;10000;;;;True;;;;;;;;10000;0;
Culm: Columbjohn Reach|COUN001717|C10_160-170;Culm: Columbjohn Reach|COUN001717;Stratigraphic sequence;;;;;;;;;;;;;False;;;False;;10000;0;True;;;;;;;0;10000;;;;True;;;;;;;;10000;0;
Culm: Columbjohn Reach|COUN001717|C11_135-150;Culm: Columbjohn Reach|COUN001717;Stratigraphic sequence;;;;;;;;;;;;;False;;;False;;10000;0;True;;;;;;;0;10000;;;;True;;;;;;;;10000;0;
Culm: Columbjohn Reach|COUN001717|C3__180-190;Culm: Columbjohn Reach|COUN001717;Stratigraphic sequence;;;;;;;;;;;;;False;;;False;;10000;0;True;;;;;;;0;10000;;;;True;;;;;;;;10000;0;
Culm: Columbjohn Reach|COUN001717|C3_140-150;Culm: Columbjohn Reach|COUN001717;Stratigraphic sequence;;;;;;;;;;;;;False;;;False;;10000;0;True;;;;;;;0;10000;;;;True;;;;;;;;10000;0;
Culm: Columbjohn Reach|COUN001717|C3_150-160;Culm: Columbjohn Reach|COUN001717;Stratigraphic sequence;;;;;;;;;;;;;False;;;False;;10000;0;True;;;;;;;0;10000;;;;True;;;;;;;;10000;0;
Culm: Columbjohn Reach|COUN001717|C3_160-170;Culm: Columbjohn Reach|COUN001717;Stratigraphic sequence;;;;;;;;;;;;;False;;;False;;10000;0;True;;;;;;;0;10000;;;;True;;;;;;;;10000;0;
Culm: Columbjohn Reach|COUN001717|C3_170-180;Culm: Columbjohn Reach|COUN001717;Stratigraphic sequence;;;;;;;;;;;;;False;;;False;;10000;0;True;;;;;;;0;10000;;;;True;;;;;;;;10000;0;
Culm: Columbjohn Reach|COUN001717|Hunkin_Wood_Bar;Culm: Columbjohn Reach|COUN001717;Stratigraphic sequence;;;;;;;;;;;;;False;;;False;;10000;0;True;;;;;;;0;10000;;;;True;;;;;;;;10000;0;
Culm: Columbjohn Reach|COUN001717|Old_Hall_Pond;Culm: Columbjohn Reach|COUN001717;Stratigraphic sequence;;;;;;;;;;;;;False;;;False;;10000;0;True;;;;;;;0;10000;;;;True;;;;;;;;10000;0;
Culm: Five Fords Reach|COUN001719|Five_Fords10_105-120;Culm: Five Fords Reach|COUN001719;Stratigraphic sequence;105;;;;;;;;;;;;False;;;False;;10000;0;True;;;;;;;0;10000;;;;True;;;;;;;;10000;0;
Culm: Five Fords Reach|COUN001719|Five_Fords10c_115-135;Culm: Five Fords Reach|COUN001719;Stratigraphic sequence;115;;;;;;;;;;;;False;;;False;;10000;0;True;;;;;;;0;10000;;;;True;;;;;;;;10000;0;
Culm: Five Fords Reach|COUN001719|Five_Fords9_60-80;Culm: Five Fords Reach|COUN001719;Stratigraphic sequence;60;;;;;;;;;;;;False;;;False;;10000;0;True;;;;;;;0;10000;;;;True;;;;;;;;10000;0;
Culm: Smithincott Reach|COUN001715|S110-125;Culm: Smithincott Reach|COUN001715;Stratigraphic sequence;110;;910;765;;;;;CalibC14;;;;True;;;False;;10000;0;True;765;910;;;;;0;10000;True;;;;;;;;;;;910;765;
Culm: Smithincott Reach|COUN001715|S125-140;Culm: Smithincott Reach|COUN001715;Stratigraphic sequence;125;;955;810;;;;;CalibC14;;;;True;;;False;;10000;0;True;810;955;;;;;0;10000;True;;;;;;;;;;;955;810;
Culm: Smithincott Reach|COUN001715|S140-155;Culm: Smithincott Reach|COUN001715;Stratigraphic sequence;140;;908;751;;;;;CalibC14;;;;True;;;False;;10000;0;True;751;908;;;;;0;10000;True;;;;;;;;;;;908;751;
Culm: Smithincott Reach|COUN001715|S155-170;Culm: Smithincott Reach|COUN001715;Stratigraphic sequence;155;;917;793;;;;;CalibC14;;;;True;;;False;;10000;0;True;793;917;;;;;0;10000;True;;;;;;;;;;;917;793;
Culm: Smithincott Reach|COUN001715|S95-110;Culm: Smithincott Reach|COUN001715;Stratigraphic sequence;95;;956;601;;;;;CalibC14;;;;True;;;False;;10000;0;True;601;956;;;;;0;10000;True;;;;;;;;;;;956;601;
Culm: Westcott Hele Reach|COUN001718|W-H_1_140-160;Culm: Westcott Hele Reach|COUN001718;Stratigraphic sequence;140;;;;;;;;;;;;False;;;False;;10000;0;True;;;;;;;0;10000;;;;True;;;;;;;;10000;0;
Culm: Westcott Hele Reach|COUN001718|W-H_1_190-205;Culm: Westcott Hele Reach|COUN001718;Stratigraphic sequence;190;;;;;;;;;;;;False;;;False;;10000;0;True;;;;;;;0;10000;;;;True;;;;;;;;10000;0;
Culm: Westcott Hele Reach|COUN001718|W-H3_170-185;Culm: Westcott Hele Reach|COUN001718;Stratigraphic sequence;170;;;;;;;;;;;;False;;;False;;10000;0;True;;;;;;;0;10000;;;;True;;;;;;;;10000;0;
Culm: Westcott Hele Reach|COUN001718|W-H3_185-200;Culm: Westcott Hele Reach|COUN001718;Stratigraphic sequence;185;;;;;;;;;;;;False;;;False;;10000;0;True;;;;;;;0;10000;;;;True;;;;;;;;10000;0;
Culm: Westcott Hele Reach|COUN001718|W-H3_200-210;Culm: Westcott Hele Reach|COUN001718;Stratigraphic sequence;;;;;;;;;;;;;False;;;False;;10000;0;True;;;;;;;0;10000;;;;True;;;;;;;;10000;0;
Davenham: Church Moss|COUN001734|DvE213;Davenham: Church Moss|COUN001734;Stratigraphic sequence;45;;;;;;;;;;;;False;;;False;;;;False;;;;;;;;;;;;;;True;;;;;;;;
Davenham: Church Moss|COUN001734|DvE217;Davenham: Church Moss|COUN001734;Stratigraphic sequence;85;;;;;;;;;;;;False;;;False;;;;False;;;;;;;;;;;;;;True;;;;;;;;
Davenham: Church Moss|COUN001734|DvE218;Davenham: Church Moss|COUN001734;Stratigraphic sequence;95;;;;;;;;;;;;False;;;False;;;;False;;;;;;;;;;;;;;True;;;;;;;;
Davenham: Church Moss|COUN001734|DvE219;Davenham: Church Moss|COUN001734;Stratigraphic sequence;105;;;;;;;;;;;;False;;;False;;;;False;;;;;;;;;;;;;;True;;;;;;;;
Davenham: Church Moss|COUN001734|DvE221;Davenham: Church Moss|COUN001734;Stratigraphic sequence;125;;;;;;;;;;;;False;;;False;;;;False;;;;;;;;;;;;;;True;;;;;;;;
Davenham: Church Moss|COUN001734|DvE222;Davenham: Church Moss|COUN001734;Stratigraphic sequence;135;;;;;;;;;;;;False;;;False;;;;False;;;;;;;;;;;;;;True;;;;;;;;
Davenham: Church Moss|COUN001734|DvE223;Davenham: Church Moss|COUN001734;Stratigraphic sequence;145;;;;;;;;;;;;False;;;False;;;;False;;;;;;;;;;;;;;True;;;;;;;;
Davenham: Church Moss|COUN001734|DvE225;Davenham: Church Moss|COUN001734;Stratigraphic sequence;155;;;;;;;;;;;;False;;;False;;;;False;;;;;;;;;;;;;;True;;;;;;;;
Davenham: Church Moss|COUN001734|DvE227;Davenham: Church Moss|COUN001734;Stratigraphic sequence;180;;;;;;;;;;;;False;;;False;;;;False;;;;;;;;;;;;;;True;;;;;;;;
Davenham: Church Moss|COUN001735|DvJ402;Davenham: Church Moss|COUN001735;Stratigraphic sequence;10;;8972;8598;;;;;CalibC14;;;;True;;;False;;;;False;8598;8972;;;;;;;True;;;;;;;;;;;8972;8598;
Davenham: Church Moss|COUN001735|DvJ404;Davenham: Church Moss|COUN001735;Stratigraphic sequence;30;;9754;9467;;;;;CalibC14;;;;True;;;False;;;;False;9467;9754;;;;;;;True;;;;;;;;;;;9754;9467;
Davenham: Church Moss|COUN001735|DvJ501;Davenham: Church Moss|COUN001735;Stratigraphic sequence;290;;14957;14275;;;;;CalibC14;;;;True;;;False;;;;False;14275;14957;;;;;;;True;;;;;;;;;;;14957;14275;
Davenham: Church Moss|COUN001735|DvJ503;Davenham: Church Moss|COUN001735;Stratigraphic sequence;280;;12872;12458;;;;;CalibC14;;;;True;;;False;;;;False;12458;12872;;;;;;;True;;;;;;;;;;;12872;12458;
Davenham: Church Moss|COUN001735|DvJ504;Davenham: Church Moss|COUN001735;Stratigraphic sequence;270;;11039;10518;;;;;CalibC14;;;;True;;;False;;;;False;10518;11039;;;;;;;True;;;;;;;;;;;11039;10518;
Davenham: Church Moss|COUN001735|DvJ505;Davenham: Church Moss|COUN001735;Stratigraphic sequence;255;;11448;10998;;;;;CalibC14;;;;True;;;False;;;;False;10998;11448;;;;;;;True;;;;;;;;;;;11448;10998;
Davenham: Church Moss|COUN001735|DvJ506;Davenham: Church Moss|COUN001735;Stratigraphic sequence;240;;12370;11473;;;;;CalibC14;;;;True;;;False;;;;False;11473;12370;;;;;;;True;;;;;;;;;;;12370;11473;
Davenham: Church Moss|COUN001735|DvJ507;Davenham: Church Moss|COUN001735;Stratigraphic sequence;230;;11734;11345;;;;;CalibC14;;;;True;;;False;;;;False;11345;11734;;;;;;;True;;;;;;;;;;;11734;11345;
Davenham: Church Moss|COUN001735|DvJ508;Davenham: Church Moss|COUN001735;Stratigraphic sequence;222;;11449;11172;;;;;CalibC14;;;;True;;;False;;;;False;11172;11449;;;;;;;True;;;;;;;;;;;11449;11172;
Davenham: Church Moss|COUN001735|DvJ510;Davenham: Church Moss|COUN001735;Stratigraphic sequence;200;;11690;11353;;;;;CalibC14;;;;True;;;False;;;;False;11353;11690;;;;;;;True;;;;;;;;;;;11690;11353;
Davenham: Church Moss|COUN001735|DvJ511;Davenham: Church Moss|COUN001735;Stratigraphic sequence;190;;11329;11088;;;;;CalibC14;;;;True;;;False;;;;False;11088;11329;;;;;;;True;;;;;;;;;;;11329;11088;
Davenham: Church Moss|COUN001735|DvJ514;Davenham: Church Moss|COUN001735;Stratigraphic sequence;160;;10976;10758;;;;;CalibC14;;;;True;;;False;;;;False;10758;10976;;;;;;;True;;;;;;;;;;;10976;10758;
Davenham: Church Moss|COUN001735|DvJ518;Davenham: Church Moss|COUN001735;Stratigraphic sequence;120;;10540;10317;;;;;CalibC14;;;;True;;;False;;;;False;10317;10540;;;;;;;True;;;;;;;;;;;10540;10317;
Davenham: Church Moss|COUN001735|DvJ521;Davenham: Church Moss|COUN001735;Stratigraphic sequence;90;;10235;9934;;;;;CalibC14;;;;True;;;False;;;;False;9934;10235;;;;;;;True;;;;;;;;;;;10235;9934;
Davenham: Church Moss|COUN001736|DvB108;Davenham: Church Moss|COUN001736;Other Palaeo;;which of 4 frost features not specified.;12600;11975;;;;;CalibC14;;;;True;;;False;;;;False;11975;12600;;;;;;;True;;;;;;;;;;;12600;11975;
Davenham: Church Moss|COUN001736|DvB109;Davenham: Church Moss|COUN001736;Other Palaeo;;which of 4 frost features not specified.;12600;11975;;;;;CalibC14;;;;True;;;False;;;;False;11975;12600;;;;;;;True;;;;;;;;;;;12600;11975;
Davenham: Church Moss|COUN001736|DvB110;Davenham: Church Moss|COUN001736;Other Palaeo;;which of 4 frost features not specified.;12600;11975;;;;;CalibC14;;;;True;;;False;;;;False;11975;12600;;;;;;;True;;;;;;;;;;;12600;11975;
Davenham: Church Moss|COUN001736|DvB99;Davenham: Church Moss|COUN001736;Other Palaeo;;which of 4 frost features not specified.;12600;11975;;;;;CalibC14;;;;True;;;False;;;;False;11975;12600;;;;;;;True;;;;;;;;;;;12600;11975;
Dundonald Burn|COUN001694|S1;Dundonald Burn|COUN001694;Other Palaeo;;;;;;;;;;;;;False;;;False;Sample from adjacent to Boyd's pollen diagram.;10000;7000;True;;;;;;;7000;10000;;;;True;;;;;;;;10000;7000;
Grand Marais de Boussens|COUN001744|S1;Grand Marais de Boussens|COUN001744;Stratigraphic sequence;;;;;;;;;;;;;False;;;False;;13500;10000;True;;;;;;;10000;13500;;;;True;;;;;;;;13500;10000;
Grand Marais de Boussens|COUN001744|S10;Grand Marais de Boussens|COUN001744;Stratigraphic sequence;;;;;;;;;;;;;False;;;False;;13500;10000;True;;;;;;;10000;13500;;;;True;;;;;;;;13500;10000;
Grand Marais de Boussens|COUN001744|S11;Grand Marais de Boussens|COUN001744;Stratigraphic sequence;;;;;;;;;;;;;False;;;False;;13500;10000;True;;;;;;;10000;13500;;;;True;;;;;;;;13500;10000;
Grand Marais de Boussens|COUN001744|S12;Grand Marais de Boussens|COUN001744;Stratigraphic sequence;;;;;;;;;;;;;False;;;False;;13500;10000;True;;;;;;;10000;13500;;;;True;;;;;;;;13500;10000;
Grand Marais de Boussens|COUN001744|S13;Grand Marais de Boussens|COUN001744;Stratigraphic sequence;;;;;;;;;;;;;False;;;False;;13500;10000;True;;;;;;;10000;13500;;;;True;;;;;;;;13500;10000;
Grand Marais de Boussens|COUN001744|S14;Grand Marais de Boussens|COUN001744;Stratigraphic sequence;;;;;;;;;;;;;False;;;False;;13500;10000;True;;;;;;;10000;13500;;;;True;;;;;;;;13500;10000;
Grand Marais de Boussens|COUN001744|S15;Grand Marais de Boussens|COUN001744;Stratigraphic sequence;;;;;;;;;;;;;False;;;False;;13500;10000;True;;;;;;;10000;13500;;;;True;;;;;;;;13500;10000;
Grand Marais de Boussens|COUN001744|S16;Grand Marais de Boussens|COUN001744;Stratigraphic sequence;;;15600;15060;;;;;CalibC14;;;;True;;;False;;13500;10000;True;15060;15600;;;;;10000;13500;True;;;;;;;;;;;15600;15060;
Grand Marais de Boussens|COUN001744|S17;Grand Marais de Boussens|COUN001744;Stratigraphic sequence;;;;;;;;;;;;;False;;;False;;13500;10000;True;;;;;;;10000;13500;;;;True;;;;;;;;13500;10000;
Grand Marais de Boussens|COUN001744|S2;Grand Marais de Boussens|COUN001744;Stratigraphic sequence;;;13065;12750;;;;;CalibC14;;;;True;;;False;;13500;10000;True;12750;13065;;;;;10000;13500;True;;;;;;;;;;;13065;12750;
Grand Marais de Boussens|COUN001744|S3;Grand Marais de Boussens|COUN001744;Stratigraphic sequence;;;;;;;;;;;;;False;;;False;;13500;10000;True;;;;;;;10000;13500;;;;True;;;;;;;;13500;10000;
Grand Marais de Boussens|COUN001744|S4;Grand Marais de Boussens|COUN001744;Stratigraphic sequence;;;13155;12785;;;;;CalibC14;;;;True;;;False;;13500;10000;True;12785;13155;;;;;10000;13500;True;;;;;;;;;;;13155;12785;
Grand Marais de Boussens|COUN001744|S5;Grand Marais de Boussens|COUN001744;Stratigraphic sequence;;;;;;;;;;;;;False;;;False;;13500;10000;True;;;;;;;10000;13500;;;;True;;;;;;;;13500;10000;
Grand Marais de Boussens|COUN001744|S6;Grand Marais de Boussens|COUN001744;Stratigraphic sequence;;;;;;;;;;;;;False;;;False;;13500;10000;True;;;;;;;10000;13500;;;;True;;;;;;;;13500;10000;
Grand Marais de Boussens|COUN001744|S7;Grand Marais de Boussens|COUN001744;Stratigraphic sequence;;;;;;;;;;;;;False;;;False;;13500;10000;True;;;;;;;10000;13500;;;;True;;;;;;;;13500;10000;
Grand Marais de Boussens|COUN001744|S8;Grand Marais de Boussens|COUN001744;Stratigraphic sequence;;;;;;;;;;;;;False;;;False;;13500;10000;True;;;;;;;10000;13500;;;;True;;;;;;;;13500;10000;
Grand Marais de Boussens|COUN001744|S9;Grand Marais de Boussens|COUN001744;Stratigraphic sequence;;;;;;;;;;;;;False;;;False;;13500;10000;True;;;;;;;10000;13500;;;;True;;;;;;;;13500;10000;
Lednica|COUN001737|S1;Lednica|COUN001737;Stratigraphic sequence;;;;;;;;;;;;;False;;;False;;13500;10000;True;;;;;;;10000;13500;;;;True;;;;;;;;13500;10000;
Lednica|COUN001737|S10;Lednica|COUN001737;Stratigraphic sequence;;;;;;;;;;;;;False;;;False;;13500;10000;True;;;;;;;10000;13500;;;;True;;;;;;;;13500;10000;
Lednica|COUN001737|S11;Lednica|COUN001737;Stratigraphic sequence;;;;;;;;;;;;;False;;;False;;13500;10000;True;;;;;;;10000;13500;;;;True;;;;;;;;13500;10000;
Lednica|COUN001737|S12;Lednica|COUN001737;Stratigraphic sequence;;;;;;;;;;;;;False;;;False;;13500;10000;True;;;;;;;10000;13500;;;;True;;;;;;;;13500;10000;
Lednica|COUN001737|S13;Lednica|COUN001737;Stratigraphic sequence;;;;;;;;;;;;;False;;;False;;13500;10000;True;;;;;;;10000;13500;;;;True;;;;;;;;13500;10000;
Lednica|COUN001737|S14;Lednica|COUN001737;Stratigraphic sequence;;;;;;;;;;;;;False;;;False;;13500;10000;True;;;;;;;10000;13500;;;;True;;;;;;;;13500;10000;
Lednica|COUN001737|S15;Lednica|COUN001737;Stratigraphic sequence;;;;;;;;;;;;;False;;;False;;13500;10000;True;;;;;;;10000;13500;;;;True;;;;;;;;13500;10000;
Lednica|COUN001737|S16;Lednica|COUN001737;Stratigraphic sequence;;;;;;;;;;;;;False;;;False;;13500;10000;True;;;;;;;10000;13500;;;;True;;;;;;;;13500;10000;
Lednica|COUN001737|S17;Lednica|COUN001737;Stratigraphic sequence;;;;;;;;;;;;;False;;;False;;13500;10000;True;;;;;;;10000;13500;;;;True;;;;;;;;13500;10000;
Lednica|COUN001737|S18;Lednica|COUN001737;Stratigraphic sequence;;;;;;;;;;;;;False;;;False;;13500;10000;True;;;;;;;10000;13500;;;;True;;;;;;;;13500;10000;
Lednica|COUN001737|S2;Lednica|COUN001737;Stratigraphic sequence;;;;;;;;;;;;;False;;;False;;13500;10000;True;;;;;;;10000;13500;;;;True;;;;;;;;13500;10000;
Lednica|COUN001737|S3;Lednica|COUN001737;Stratigraphic sequence;;;;;;;;;;;;;False;;;False;;13500;10000;True;;;;;;;10000;13500;;;;True;;;;;;;;13500;10000;
Lednica|COUN001737|S4;Lednica|COUN001737;Stratigraphic sequence;;;;;;;;;;;;;False;;;False;;13500;10000;True;;;;;;;10000;13500;;;;True;;;;;;;;13500;10000;
Lednica|COUN001737|S5;Lednica|COUN001737;Stratigraphic sequence;;;;;;;;;;;;;False;;;False;;13500;10000;True;;;;;;;10000;13500;;;;True;;;;;;;;13500;10000;
Lednica|COUN001737|S6;Lednica|COUN001737;Stratigraphic sequence;;;;;;;;;;;;;False;;;False;;13500;10000;True;;;;;;;10000;13500;;;;True;;;;;;;;13500;10000;
Lednica|COUN001737|S7;Lednica|COUN001737;Stratigraphic sequence;;;;;;;;;;;;;False;;;False;;13500;10000;True;;;;;;;10000;13500;;;;True;;;;;;;;13500;10000;
Lednica|COUN001737|S8;Lednica|COUN001737;Stratigraphic sequence;;;;;;;;;;;;;False;;;False;;13500;10000;True;;;;;;;10000;13500;;;;True;;;;;;;;13500;10000;
Lednica|COUN001737|S9;Lednica|COUN001737;Stratigraphic sequence;;;;;;;;;;;;;False;;;False;;13500;10000;True;;;;;;;10000;13500;;;;True;;;;;;;;13500;10000;
Lent|COUN001762|BugsPresence;Lent|COUN001762;Other Palaeo;;;;;;;;;;;;;False;;;False;;122000;10000;True;;;;;;;10000;122000;;;;True;;;;;;;;122000;10000;
Leusden-Den Treek|COUN001733|10;Leusden-Den Treek|COUN001733;Stratigraphic sequence;;;;;;;;;;;;;False;;;False;;13500;10000;True;;;;;;;10000;13500;;;;True;;;;;;;;13500;10000;
Leusden-Den Treek|COUN001733|11;Leusden-Den Treek|COUN001733;Stratigraphic sequence;;;;;;;;;;;;;False;;;False;;13500;10000;True;;;;;;;10000;13500;;;;True;;;;;;;;13500;10000;
Leusden-Den Treek|COUN001733|12;Leusden-Den Treek|COUN001733;Stratigraphic sequence;;;;;;;;;;;;;False;;;False;;13500;10000;True;;;;;;;10000;13500;;;;True;;;;;;;;13500;10000;
Leusden-Den Treek|COUN001733|13;Leusden-Den Treek|COUN001733;Stratigraphic sequence;;;;;;;;;;;;;False;;;False;;13500;10000;True;;;;;;;10000;13500;;;;True;;;;;;;;13500;10000;
Leusden-Den Treek|COUN001733|14A;Leusden-Den Treek|COUN001733;Stratigraphic sequence;;;;;;;;;;;;;False;;;False;;13500;10000;True;;;;;;;10000;13500;;;;True;;;;;;;;13500;10000;
Leusden-Den Treek|COUN001733|14B;Leusden-Den Treek|COUN001733;Stratigraphic sequence;;;;;;;;;;;;;False;;;False;;13500;10000;True;;;;;;;10000;13500;;;;True;;;;;;;;13500;10000;
Leusden-Den Treek|COUN001733|15A;Leusden-Den Treek|COUN001733;Stratigraphic sequence;;;;;;;;;;;;;False;;;False;;13500;10000;True;;;;;;;10000;13500;;;;True;;;;;;;;13500;10000;
Leusden-Den Treek|COUN001733|15B;Leusden-Den Treek|COUN001733;Stratigraphic sequence;;;;;;;;;;;;;False;;;False;;13500;10000;True;;;;;;;10000;13500;;;;True;;;;;;;;13500;10000;
Leusden-Den Treek|COUN001733|16A;Leusden-Den Treek|COUN001733;Stratigraphic sequence;;;;;;;;;;;;;False;;;False;;13500;10000;True;;;;;;;10000;13500;;;;True;;;;;;;;13500;10000;
Leusden-Den Treek|COUN001733|16B;Leusden-Den Treek|COUN001733;Stratigraphic sequence;;;;;;;;;;;;;False;;;False;;13500;10000;True;;;;;;;10000;13500;;;;True;;;;;;;;13500;10000;
Leusden-Den Treek|COUN001733|17A;Leusden-Den Treek|COUN001733;Stratigraphic sequence;;;;;;;;;;;;;False;;;False;;13500;10000;True;;;;;;;10000;13500;;;;True;;;;;;;;13500;10000;
Leusden-Den Treek|COUN001733|17B;Leusden-Den Treek|COUN001733;Stratigraphic sequence;;;;;;;;;;;;;False;;;False;;13500;10000;True;;;;;;;10000;13500;;;;True;;;;;;;;13500;10000;
Leusden-Den Treek|COUN001733|18A;Leusden-Den Treek|COUN001733;Stratigraphic sequence;;;;;;;;;;;;;False;;;False;;13500;10000;True;;;;;;;10000;13500;;;;True;;;;;;;;13500;10000;
Leusden-Den Treek|COUN001733|18B;Leusden-Den Treek|COUN001733;Stratigraphic sequence;;;;;;;;;;;;;False;;;False;;13500;10000;True;;;;;;;10000;13500;;;;True;;;;;;;;13500;10000;
Leusden-Den Treek|COUN001733|19A;Leusden-Den Treek|COUN001733;Stratigraphic sequence;;;;;;;;;;;;;False;;;False;;13500;10000;True;;;;;;;10000;13500;;;;True;;;;;;;;13500;10000;
Leusden-Den Treek|COUN001733|19B;Leusden-Den Treek|COUN001733;Stratigraphic sequence;;;;;;;;;;;;;False;;;False;;13500;10000;True;;;;;;;10000;13500;;;;True;;;;;;;;13500;10000;
Leusden-Den Treek|COUN001733|20A;Leusden-Den Treek|COUN001733;Stratigraphic sequence;;;;;;;;;;;;;False;;;False;;13500;10000;True;;;;;;;10000;13500;;;;True;;;;;;;;13500;10000;
Leusden-Den Treek|COUN001733|20B;Leusden-Den Treek|COUN001733;Stratigraphic sequence;;;;;;;;;;;;;False;;;False;;13500;10000;True;;;;;;;10000;13500;;;;True;;;;;;;;13500;10000;
Leusden-Den Treek|COUN001733|21A;Leusden-Den Treek|COUN001733;Stratigraphic sequence;;;;;;;;;;;;;False;;;False;;13500;10000;True;;;;;;;10000;13500;;;;True;;;;;;;;13500;10000;
Leusden-Den Treek|COUN001733|21B;Leusden-Den Treek|COUN001733;Stratigraphic sequence;;;;;;;;;;;;;False;;;False;;13500;10000;True;;;;;;;10000;13500;;;;True;;;;;;;;13500;10000;
Leusden-Den Treek|COUN001733|22;Leusden-Den Treek|COUN001733;Stratigraphic sequence;;;;;;;;;;;;;False;;;False;;13500;10000;True;;;;;;;10000;13500;;;;True;;;;;;;;13500;10000;
Leusden-Den Treek|COUN001733|23;Leusden-Den Treek|COUN001733;Stratigraphic sequence;;;;;;;;;;;;;False;;;False;;13500;10000;True;;;;;;;10000;13500;;;;True;;;;;;;;13500;10000;
Leusden-Den Treek|COUN001733|24;Leusden-Den Treek|COUN001733;Stratigraphic sequence;;;;;;;;;;;;;False;;;False;;13500;10000;True;;;;;;;10000;13500;;;;True;;;;;;;;13500;10000;
Leusden-Den Treek|COUN001733|9;Leusden-Den Treek|COUN001733;Stratigraphic sequence;;;;;;;;;;;;;False;;;False;;13500;10000;True;;;;;;;10000;13500;;;;True;;;;;;;;13500;10000;
Logie|COUN001740|S1;Logie|COUN001740;Stratigraphic sequence;146;;;;;;;;;;;;False;;;False;;13500;10000;True;;;;;;;10000;13500;;;;True;;;;;;;;13500;10000;
Logie|COUN001740|S10;Logie|COUN001740;Stratigraphic sequence;180;;;;;;;;;;;;False;;;False;;13500;10000;True;;;;;;;10000;13500;;;;True;;;;;;;;13500;10000;
Logie|COUN001740|S11;Logie|COUN001740;Stratigraphic sequence;184;;;;;;;;;;;;False;;;False;;13500;10000;True;;;;;;;10000;13500;;;;True;;;;;;;;13500;10000;
Logie|COUN001740|S12;Logie|COUN001740;Stratigraphic sequence;188;;;;;;;;;;;;False;;;False;;13500;10000;True;;;;;;;10000;13500;;;;True;;;;;;;;13500;10000;
Logie|COUN001740|S13;Logie|COUN001740;Stratigraphic sequence;192;;;;;;;;;;;;False;;;False;;13500;10000;True;;;;;;;10000;13500;;;;True;;;;;;;;13500;10000;
Logie|COUN001740|S14;Logie|COUN001740;Stratigraphic sequence;196;;;;;;;;;;;;False;;;False;;13500;10000;True;;;;;;;10000;13500;;;;True;;;;;;;;13500;10000;
Logie|COUN001740|S15;Logie|COUN001740;Stratigraphic sequence;200;;;;;;;;;;;;False;;;False;;13500;10000;True;;;;;;;10000;13500;;;;True;;;;;;;;13500;10000;
Logie|COUN001740|S16;Logie|COUN001740;Stratigraphic sequence;204;;;;;;;;;;;;False;;;False;;13500;10000;True;;;;;;;10000;13500;;;;True;;;;;;;;13500;10000;
Logie|COUN001740|S17;Logie|COUN001740;Stratigraphic sequence;208;;;;;;;;;;;;False;;;False;;13500;10000;True;;;;;;;10000;13500;;;;True;;;;;;;;13500;10000;
Logie|COUN001740|S18;Logie|COUN001740;Stratigraphic sequence;212;;;;;;;;;;;;False;;;False;;13500;10000;True;;;;;;;10000;13500;;;;True;;;;;;;;13500;10000;
Logie|COUN001740|S19;Logie|COUN001740;Stratigraphic sequence;216;;;;;;;;;;;;False;;;False;;13500;10000;True;;;;;;;10000;13500;;;;True;;;;;;;;13500;10000;
Logie|COUN001740|S2;Logie|COUN001740;Stratigraphic sequence;150;;;;;;;;;;;;False;;;False;;13500;10000;True;;;;;;;10000;13500;;;;True;;;;;;;;13500;10000;
Logie|COUN001740|S20;Logie|COUN001740;Stratigraphic sequence;220;;;;;;;;;;;;False;;;False;;13500;10000;True;;;;;;;10000;13500;;;;True;;;;;;;;13500;10000;
Logie|COUN001740|S21;Logie|COUN001740;Stratigraphic sequence;224;;;;;;;;;;;;False;;;False;;13500;10000;True;;;;;;;10000;13500;;;;True;;;;;;;;13500;10000;
Logie|COUN001740|S22;Logie|COUN001740;Stratigraphic sequence;228;;;;;;;;;;;;False;;;False;;13500;10000;True;;;;;;;10000;13500;;;;True;;;;;;;;13500;10000;
Logie|COUN001740|S23;Logie|COUN001740;Stratigraphic sequence;232;;;;;;;;;;;;False;;;False;;13500;10000;True;;;;;;;10000;13500;;;;True;;;;;;;;13500;10000;
Logie|COUN001740|S24;Logie|COUN001740;Stratigraphic sequence;236;;;;;;;;;;;;False;;;False;;13500;10000;True;;;;;;;10000;13500;;;;True;;;;;;;;13500;10000;
Logie|COUN001740|S25;Logie|COUN001740;Stratigraphic sequence;240;;;;;;;;;;;;False;;;False;;13500;10000;True;;;;;;;10000;13500;;;;True;;;;;;;;13500;10000;
Logie|COUN001740|S3;Logie|COUN001740;Stratigraphic sequence;154;;;;;;;;;;;;False;;;False;;13500;10000;True;;;;;;;10000;13500;;;;True;;;;;;;;13500;10000;
Logie|COUN001740|S4;Logie|COUN001740;Stratigraphic sequence;158;;;;;;;;;;;;False;;;False;;13500;10000;True;;;;;;;10000;13500;;;;True;;;;;;;;13500;10000;
Logie|COUN001740|S5;Logie|COUN001740;Stratigraphic sequence;160;;;;;;;;;;;;False;;;False;;13500;10000;True;;;;;;;10000;13500;;;;True;;;;;;;;13500;10000;
Logie|COUN001740|S6;Logie|COUN001740;Stratigraphic sequence;164;;;;;;;;;;;;False;;;False;;13500;10000;True;;;;;;;10000;13500;;;;True;;;;;;;;13500;10000;
Logie|COUN001740|S7;Logie|COUN001740;Stratigraphic sequence;168;;;;;;;;;;;;False;;;False;;13500;10000;True;;;;;;;10000;13500;;;;True;;;;;;;;13500;10000;
Logie|COUN001740|S8;Logie|COUN001740;Stratigraphic sequence;172;;;;;;;;;;;;False;;;False;;13500;10000;True;;;;;;;10000;13500;;;;True;;;;;;;;13500;10000;
Logie|COUN001740|S9;Logie|COUN001740;Stratigraphic sequence;176;;;;;;;;;;;;False;;;False;;13500;10000;True;;;;;;;10000;13500;;;;True;;;;;;;;13500;10000;
Moaness|COUN001711|M1/16;Moaness|COUN001711;Stratigraphic sequence;76;;;;;;;;;;;;False;;;False;;10000;0;True;;;;;;;0;10000;;;;True;;;;;;;;10000;0;
Moaness|COUN001711|M1/17;Moaness|COUN001711;Stratigraphic sequence;;;;;;;;;;;;;False;;;False;;10000;0;True;;;;;;;0;10000;;;;True;;;;;;;;10000;0;
Moaness|COUN001711|M1/18;Moaness|COUN001711;Stratigraphic sequence;;;;;;;;;;;;;False;;;False;;10000;0;True;;;;;;;0;10000;;;;True;;;;;;;;10000;0;
Moaness|COUN001711|M1/19;Moaness|COUN001711;Stratigraphic sequence;;;;;;;;;;;;;False;;;False;;10000;0;True;;;;;;;0;10000;;;;True;;;;;;;;10000;0;
Moaness|COUN001711|M1/20;Moaness|COUN001711;Stratigraphic sequence;;;;;;;;;;;;;False;;;False;;10000;0;True;;;;;;;0;10000;;;;True;;;;;;;;10000;0;
Moaness|COUN001711|M1/21;Moaness|COUN001711;Stratigraphic sequence;;;;;;;;;;;;;False;;;False;;10000;0;True;;;;;;;0;10000;;;;True;;;;;;;;10000;0;
Moaness|COUN001711|M1/22;Moaness|COUN001711;Stratigraphic sequence;;;;;;;;;;;;;False;;;False;;10000;0;True;;;;;;;0;10000;;;;True;;;;;;;;10000;0;
Moaness|COUN001711|M1/23;Moaness|COUN001711;Stratigraphic sequence;111;;;;;;;;;;;;False;;;False;;10000;0;True;;;;;;;0;10000;;;;True;;;;;;;;10000;0;
Moaness|COUN001711|M1/24;Moaness|COUN001711;Stratigraphic sequence;;;;;;;;;;;;;False;;;False;;10000;0;True;;;;;;;0;10000;;;;True;;;;;;;;10000;0;
Moaness|COUN001711|M1/25;Moaness|COUN001711;Stratigraphic sequence;191;;;;;;;;;;;;False;;;False;;10000;0;True;;;;;;;0;10000;;;;True;;;;;;;;10000;0;
Moaness|COUN001711|M1/26;Moaness|COUN001711;Stratigraphic sequence;196;;;;;;;;;;;;False;;;False;;10000;0;True;;;;;;;0;10000;;;;True;;;;;;;;10000;0;
Moaness|COUN001711|M1/27;Moaness|COUN001711;Stratigraphic sequence;;;;;;;;;;;;;False;;;False;;10000;0;True;;;;;;;0;10000;;;;True;;;;;;;;10000;0;
Moaness|COUN001711|M1/28;Moaness|COUN001711;Stratigraphic sequence;;;;;;;;;;;;;False;;;False;;10000;0;True;;;;;;;0;10000;;;;True;;;;;;;;10000;0;
Moaness|COUN001711|M1/29;Moaness|COUN001711;Stratigraphic sequence;;;;;;;;;;;;;False;;;False;;10000;0;True;;;;;;;0;10000;;;;True;;;;;;;;10000;0;
Moaness|COUN001711|M1/30;Moaness|COUN001711;Stratigraphic sequence;;;;;;;;;;;;;False;;;False;;10000;0;True;;;;;;;0;10000;;;;True;;;;;;;;10000;0;
Moaness|COUN001711|M1/31;Moaness|COUN001711;Stratigraphic sequence;;;;;;;;;;;;;False;;;False;;10000;0;True;;;;;;;0;10000;;;;True;;;;;;;;10000;0;
Moaness|COUN001711|TP2;Moaness|COUN001711;Stratigraphic sequence;18;C elaphas in upper part of interntidal peat.;;;;;2704;2357;CalibC14;;;;True;;;False;;10000;0;True;2357;;;;;;0;10000;True;;;;;;;;;;;10000;2357;
Moaness|COUN001725|TP1_55;Moaness|COUN001725;Stratigraphic sequence;55;;;;;;;;;;;;False;;;False;;;;False;;;;;;;;;;;;;;True;;;;;;;;
Moaness|COUN001725|TP1_60;Moaness|COUN001725;Stratigraphic sequence;60;;;;;;;;;;;;False;;;False;;;;False;;;;;;;;;;;;;;True;;;;;;;;
Moaness|COUN001725|TP1_65;Moaness|COUN001725;Stratigraphic sequence;65;;;;;;;;;;;;False;;;False;;;;False;;;;;;;;;;;;;;True;;;;;;;;
Moaness|COUN001725|TP1_70;Moaness|COUN001725;Stratigraphic sequence;70;;;;;;;;;;;;False;;;False;;;;False;;;;;;;;;;;;;;True;;;;;;;;
Moaness|COUN001725|TP1_75;Moaness|COUN001725;Stratigraphic sequence;75;;;;;;;;;;;;False;;;False;;;;False;;;;;;;;;;;;;;True;;;;;;;;
Moaness|COUN001725|TP1_80;Moaness|COUN001725;Stratigraphic sequence;80;;;;;;;;;;;;False;;;False;;;;False;;;;;;;;;;;;;;True;;;;;;;;
Moaness|COUN001725|TP1_85;Moaness|COUN001725;Stratigraphic sequence;85;;;;;;;;;;;;False;;;False;;;;False;;;;;;;;;;;;;;True;;;;;;;;
Moarna|COUN001746|BugsPresence;Moarna|COUN001746;Stratigraphic sequence;;;;;;;;;;;;;False;;;False;;;;False;;;;;;;;;;;;;;True;;;;;;;;
Moarna|COUN001746|S1;Moarna|COUN001746;Stratigraphic sequence;;;;;;;5995;5610;CalibC14;;;;True;;;False;;10000;0;True;5610;;;;;;0;10000;True;;;;;;;;;;;10000;5610;
Moarna|COUN001746|S2A;Moarna|COUN001746;Stratigraphic sequence;;;;;;;;;;;;;False;;;False;;10000;0;True;;;;;;;0;10000;;;;True;;;;;;;;10000;0;
Moarna|COUN001746|S2B;Moarna|COUN001746;Stratigraphic sequence;;;;;;;;;;;;;False;;;False;;10000;0;True;;;;;;;0;10000;;;;True;;;;;;;;10000;0;
Moarna|COUN001746|S3;Moarna|COUN001746;Stratigraphic sequence;;;;;;;;;;;;;False;;;False;;10000;0;True;;;;;;;0;10000;;;;True;;;;;;;;10000;0;
Moarna|COUN001746|S4;Moarna|COUN001746;Stratigraphic sequence;;;;;;;;;;;;;False;;;False;;10000;0;True;;;;;;;0;10000;;;;True;;;;;;;;10000;0;
Moarna|COUN001746|S5;Moarna|COUN001746;Stratigraphic sequence;;;;;;;;;;;;;False;;;False;;10000;0;True;;;;;;;0;10000;;;;True;;;;;;;;10000;0;
Moarna|COUN001746|S6A;Moarna|COUN001746;Stratigraphic sequence;;;;;;;;;;;;;False;;;False;;10000;0;True;;;;;;;0;10000;;;;True;;;;;;;;10000;0;
Moarna|COUN001746|S6B;Moarna|COUN001746;Stratigraphic sequence;;;;;;;;;;;;;False;;;False;;10000;0;True;;;;;;;0;10000;;;;True;;;;;;;;10000;0;
Moarna|COUN001746|S7;Moarna|COUN001746;Stratigraphic sequence;;;8980;8430;;;;;CalibC14;;;;True;;;False;;10000;0;True;8430;8980;;;;;0;10000;True;;;;;;;;;;;8980;8430;
Moarna|COUN001746|S8;Moarna|COUN001746;Stratigraphic sequence;;;12610;11655;;;;;CalibC14;;;;True;;;False;;13500;10000;True;11655;12610;;;;;10000;13500;True;;;;;;;;;;;12610;11655;
Newtown|COUN001756|578/270;Newtown|COUN001756;Stratigraphic sequence;;;;;;;;;;;;;False;;;False;;;;False;;;;;;;;;;;;;;True;;;;;;;;
Newtown|COUN001756|581/288;Newtown|COUN001756;Stratigraphic sequence;;;;;;;;;;;;;False;;;False;;;;False;;;;;;;;;;;;;;True;;;;;;;;
Newtown|COUN001756|586/285;Newtown|COUN001756;Stratigraphic sequence;;;;;;;;;;;;;False;;;False;;;;False;;;;;;;;;;;;;;True;;;;;;;;
Newtown|COUN001756|587/276;Newtown|COUN001756;Stratigraphic sequence;;;;;;;;;;;;;False;;;False;;;;False;;;;;;;;;;;;;;True;;;;;;;;
Newtown|COUN001756|588/283;Newtown|COUN001756;Stratigraphic sequence;;;;;;;;;;;;;False;;;False;;;;False;;;;;;;;;;;;;;True;;;;;;;;
Newtown|COUN001756|590/275;Newtown|COUN001756;Stratigraphic sequence;;;;;;;;;;;;;False;;;False;;;;False;;;;;;;;;;;;;;True;;;;;;;;
Newtown|COUN001756|591/280;Newtown|COUN001756;Stratigraphic sequence;;;;;;;;;;;;;False;;;False;;;;False;;;;;;;;;;;;;;True;;;;;;;;
Newtown|COUN001756|596/273/278;Newtown|COUN001756;Stratigraphic sequence;;;;;;;;;;;;;False;;;False;;;;False;;;;;;;;;;;;;;True;;;;;;;;
Newtown|COUN001756|600/264;Newtown|COUN001756;Stratigraphic sequence;;;;;;;;;;;;;False;;;False;;;;False;;;;;;;;;;;;;;True;;;;;;;;
Newtown|COUN001756|603/269;Newtown|COUN001756;Stratigraphic sequence;;;;;;;;;;;;;False;;;False;;;;False;;;;;;;;;;;;;;True;;;;;;;;
Newtown|COUN001756|603/269a;Newtown|COUN001756;Stratigraphic sequence;;;;;;;;;;;;;False;;;False;;;;False;;;;;;;;;;;;;;True;;;;;;;;
Newtown|COUN001756|604/258;Newtown|COUN001756;Stratigraphic sequence;;;;;;;;;;;;;False;;;False;;;;False;;;;;;;;;;;;;;True;;;;;;;;
Newtown|COUN001756|610/259;Newtown|COUN001756;Stratigraphic sequence;;;;;;;;;;;;;False;;;False;;;;False;;;;;;;;;;;;;;True;;;;;;;;
Newtown|COUN001756|610/278;Newtown|COUN001756;Stratigraphic sequence;;;;;;;;;;;;;False;;;False;;;;False;;;;;;;;;;;;;;True;;;;;;;;
Newtown|COUN001756|617/275;Newtown|COUN001756;Stratigraphic sequence;;;;;;;;;;;;;False;;;False;;;;False;;;;;;;;;;;;;;True;;;;;;;;
Newtown|COUN001756|618/260;Newtown|COUN001756;Stratigraphic sequence;;;;;;;;;;;;;False;;;False;;;;False;;;;;;;;;;;;;;True;;;;;;;;
Newtown|COUN001756|620/179;Newtown|COUN001756;Stratigraphic sequence;;;;;;;;;;;;;False;;;False;;;;False;;;;;;;;;;;;;;True;;;;;;;;
Newtown|COUN001756|620/243;Newtown|COUN001756;Stratigraphic sequence;;;;;;;;;;;;;False;;;False;;;;False;;;;;;;;;;;;;;True;;;;;;;;
Newtown|COUN001756|621/265;Newtown|COUN001756;Stratigraphic sequence;;;;;;;;;;;;;False;;;False;;;;False;;;;;;;;;;;;;;True;;;;;;;;
Newtown|COUN001756|623/187;Newtown|COUN001756;Stratigraphic sequence;;;;;;;;;;;;;False;;;False;;;;False;;;;;;;;;;;;;;True;;;;;;;;
Newtown|COUN001756|623/205;Newtown|COUN001756;Stratigraphic sequence;;;;;;;;;;;;;False;;;False;;;;False;;;;;;;;;;;;;;True;;;;;;;;
Newtown|COUN001756|624/201;Newtown|COUN001756;Stratigraphic sequence;;;;;;;;;;;;;False;;;False;;;;False;;;;;;;;;;;;;;True;;;;;;;;
Newtown|COUN001756|625/189;Newtown|COUN001756;Stratigraphic sequence;;;;;;;;;;;;;False;;;False;;;;False;;;;;;;;;;;;;;True;;;;;;;;
Newtown|COUN001756|625/192;Newtown|COUN001756;Stratigraphic sequence;;;;;;;;;;;;;False;;;False;;;;False;;;;;;;;;;;;;;True;;;;;;;;
Newtown|COUN001756|625/195;Newtown|COUN001756;Stratigraphic sequence;;;;;;;;;;;;;False;;;False;;;;False;;;;;;;;;;;;;;True;;;;;;;;
Newtown|COUN001756|625/197;Newtown|COUN001756;Stratigraphic sequence;;;;;;;;;;;;;False;;;False;;;;False;;;;;;;;;;;;;;True;;;;;;;;
Newtown|COUN001756|625/198;Newtown|COUN001756;Stratigraphic sequence;;;;;;;;;;;;;False;;;False;;;;False;;;;;;;;;;;;;;True;;;;;;;;
Newtown|COUN001756|625/198aug;Newtown|COUN001756;Stratigraphic sequence;;;;;;;;;;;;;False;;;False;;;;False;;;;;;;;;;;;;;True;;;;;;;;
Newtown|COUN001756|625/198aug2;Newtown|COUN001756;Stratigraphic sequence;;;;;;;;;;;;;False;;;False;;;;False;;;;;;;;;;;;;;True;;;;;;;;
Newtown|COUN001756|625/198aug3;Newtown|COUN001756;Stratigraphic sequence;;;;;;;;;;;;;False;;;False;;;;False;;;;;;;;;;;;;;True;;;;;;;;
Newtown|COUN001756|625/198aug4;Newtown|COUN001756;Stratigraphic sequence;;;;;;;;;;;;;False;;;False;;;;False;;;;;;;;;;;;;;True;;;;;;;;
Newtown|COUN001756|625/198aug5;Newtown|COUN001756;Stratigraphic sequence;;;;;;;;;;;;;False;;;False;;;;False;;;;;;;;;;;;;;True;;;;;;;;
Newtown|COUN001756|625/198aug6;Newtown|COUN001756;Stratigraphic sequence;;;;;;;;;;;;;False;;;False;;;;False;;;;;;;;;;;;;;True;;;;;;;;
Newtown|COUN001756|625/198aug7;Newtown|COUN001756;Stratigraphic sequence;;;;;;;;;;;;;False;;;False;;;;False;;;;;;;;;;;;;;True;;;;;;;;
Newtown|COUN001756|625/198aug8;Newtown|COUN001756;Stratigraphic sequence;;;;;;;;;;;;;False;;;False;;;;False;;;;;;;;;;;;;;True;;;;;;;;
Newtown|COUN001756|625/200;Newtown|COUN001756;Stratigraphic sequence;;;;;;;;;;;;;False;;;False;;;;False;;;;;;;;;;;;;;True;;;;;;;;
Newtown|COUN001756|625/202;Newtown|COUN001756;Stratigraphic sequence;;;;;;;;;;;;;False;;;False;;;;False;;;;;;;;;;;;;;True;;;;;;;;
Newtown|COUN001756|625/218;Newtown|COUN001756;Stratigraphic sequence;;;;;;;;;;;;;False;;;False;;;;False;;;;;;;;;;;;;;True;;;;;;;;
Newtown|COUN001756|625/241;Newtown|COUN001756;Stratigraphic sequence;;;;;;;;;;;;;False;;;False;;;;False;;;;;;;;;;;;;;True;;;;;;;;
Newtown|COUN001756|625/241-2;Newtown|COUN001756;Stratigraphic sequence;;;;;;;;;;;;;False;;;False;;;;False;;;;;;;;;;;;;;True;;;;;;;;
Newtown|COUN001756|626/192-1;Newtown|COUN001756;Stratigraphic sequence;;;;;;;;;;;;;False;;;False;;;;False;;;;;;;;;;;;;;True;;;;;;;;
Newtown|COUN001756|626/192-2;Newtown|COUN001756;Stratigraphic sequence;;;;;;;;;;;;;False;;;False;;;;False;;;;;;;;;;;;;;True;;;;;;;;
Newtown|COUN001756|626/192-3;Newtown|COUN001756;Stratigraphic sequence;;;;;;;;;;;;;False;;;False;;;;False;;;;;;;;;;;;;;True;;;;;;;;
Newtown|COUN001756|626/192-4;Newtown|COUN001756;Stratigraphic sequence;;;;;;;;;;;;;False;;;False;;;;False;;;;;;;;;;;;;;True;;;;;;;;
Newtown|COUN001756|626/192-5;Newtown|COUN001756;Stratigraphic sequence;;;;;;;;;;;;;False;;;False;;;;False;;;;;;;;;;;;;;True;;;;;;;;
Newtown|COUN001756|626/202-1;Newtown|COUN001756;Stratigraphic sequence;;;;;;;;;;;;;False;;;False;;;;False;;;;;;;;;;;;;;True;;;;;;;;
Newtown|COUN001756|626/202-2;Newtown|COUN001756;Stratigraphic sequence;;;;;;;;;;;;;False;;;False;;;;False;;;;;;;;;;;;;;True;;;;;;;;
Newtown|COUN001756|626/214;Newtown|COUN001756;Stratigraphic sequence;;;;;;;;;;;;;False;;;False;;;;False;;;;;;;;;;;;;;True;;;;;;;;
Newtown|COUN001756|628/179;Newtown|COUN001756;Stratigraphic sequence;;;;;;;;;;;;;False;;;False;;;;False;;;;;;;;;;;;;;True;;;;;;;;
Newtown|COUN001756|628/179-2;Newtown|COUN001756;Stratigraphic sequence;;;;;;;;;;;;;False;;;False;;;;False;;;;;;;;;;;;;;True;;;;;;;;
Newtown|COUN001756|628/179-s1;Newtown|COUN001756;Stratigraphic sequence;;;;;;;;;;;;;False;;;False;;;;False;;;;;;;;;;;;;;True;;;;;;;;
Newtown|COUN001756|628/190;Newtown|COUN001756;Stratigraphic sequence;;;;;;;;;;;;;False;;;False;;;;False;;;;;;;;;;;;;;True;;;;;;;;
Newtown|COUN001756|628/211;Newtown|COUN001756;Stratigraphic sequence;;;;;;;;;;;;;False;;;False;;;;False;;;;;;;;;;;;;;True;;;;;;;;
Newtown|COUN001756|628/268;Newtown|COUN001756;Stratigraphic sequence;;;;;;;;;;;;;False;;;False;;;;False;;;;;;;;;;;;;;True;;;;;;;;
Newtown|COUN001756|630/160;Newtown|COUN001756;Stratigraphic sequence;;;;;;;;;;;;;False;;;False;;;;False;;;;;;;;;;;;;;True;;;;;;;;
Newtown|COUN001756|630/175;Newtown|COUN001756;Stratigraphic sequence;;;;;;;;;;;;;False;;;False;;;;False;;;;;;;;;;;;;;True;;;;;;;;
Newtown|COUN001756|630/176s10;Newtown|COUN001756;Stratigraphic sequence;;;;;;;;;;;;;False;;;False;;;;False;;;;;;;;;;;;;;True;;;;;;;;
Newtown|COUN001756|630/177-s2;Newtown|COUN001756;Stratigraphic sequence;;;;;;;;;;;;;False;;;False;;;;False;;;;;;;;;;;;;;True;;;;;;;;
Newtown|COUN001756|630/177-s3;Newtown|COUN001756;Stratigraphic sequence;;;;;;;;;;;;;False;;;False;;;;False;;;;;;;;;;;;;;True;;;;;;;;
Newtown|COUN001756|630/177-s4;Newtown|COUN001756;Stratigraphic sequence;;;;;;;;;;;;;False;;;False;;;;False;;;;;;;;;;;;;;True;;;;;;;;
Newtown|COUN001756|630/177s5;Newtown|COUN001756;Stratigraphic sequence;;;;;;;;;;;;;False;;;False;;;;False;;;;;;;;;;;;;;True;;;;;;;;
Newtown|COUN001756|630/177s6;Newtown|COUN001756;Stratigraphic sequence;;;;;;;;;;;;;False;;;False;;;;False;;;;;;;;;;;;;;True;;;;;;;;
Newtown|COUN001756|630/177s7;Newtown|COUN001756;Stratigraphic sequence;;;;;;;;;;;;;False;;;False;;;;False;;;;;;;;;;;;;;True;;;;;;;;
Newtown|COUN001756|630/177s8;Newtown|COUN001756;Stratigraphic sequence;;;;;;;;;;;;;False;;;False;;;;False;;;;;;;;;;;;;;True;;;;;;;;
Newtown|COUN001756|630/177s9;Newtown|COUN001756;Stratigraphic sequence;;;;;;;;;;;;;False;;;False;;;;False;;;;;;;;;;;;;;True;;;;;;;;
Newtown|COUN001756|630/178;Newtown|COUN001756;Stratigraphic sequence;;;;;;;;;;;;;False;;;False;;;;False;;;;;;;;;;;;;;True;;;;;;;;
Newtown|COUN001756|630/178bulk;Newtown|COUN001756;Stratigraphic sequence;;;;;;;;;;;;;False;;;False;;;;False;;;;;;;;;;;;;;True;;;;;;;;
Newtown|COUN001756|630/196-1;Newtown|COUN001756;Stratigraphic sequence;;;;;;;;;;;;;False;;;False;;;;False;;;;;;;;;;;;;;True;;;;;;;;
Newtown|COUN001756|630/196-2;Newtown|COUN001756;Stratigraphic sequence;;;;;;;;;;;;;False;;;False;;;;False;;;;;;;;;;;;;;True;;;;;;;;
Newtown|COUN001756|631/176s11;Newtown|COUN001756;Stratigraphic sequence;;;;;;;;;;;;;False;;;False;;;;False;;;;;;;;;;;;;;True;;;;;;;;
Newtown|COUN001756|631/176s12;Newtown|COUN001756;Stratigraphic sequence;;;;;;;;;;;;;False;;;False;;;;False;;;;;;;;;;;;;;True;;;;;;;;
Newtown|COUN001756|631/176s13;Newtown|COUN001756;Stratigraphic sequence;;;;;;;;;;;;;False;;;False;;;;False;;;;;;;;;;;;;;True;;;;;;;;
Newtown|COUN001756|631/176s14;Newtown|COUN001756;Stratigraphic sequence;;;;;;;;;;;;;False;;;False;;;;False;;;;;;;;;;;;;;True;;;;;;;;
Newtown|COUN001756|631/177-1;Newtown|COUN001756;Stratigraphic sequence;;;;;;;;;;;;;False;;;False;;;;False;;;;;;;;;;;;;;True;;;;;;;;
Newtown|COUN001756|631/177-2;Newtown|COUN001756;Stratigraphic sequence;;;;;;;;;;;;;False;;;False;;;;False;;;;;;;;;;;;;;True;;;;;;;;
Newtown|COUN001756|631/177-3;Newtown|COUN001756;Stratigraphic sequence;;;;;;;;;;;;;False;;;False;;;;False;;;;;;;;;;;;;;True;;;;;;;;
Newtown|COUN001756|631/243;Newtown|COUN001756;Stratigraphic sequence;;;;;;;;;;;;;False;;;False;;;;False;;;;;;;;;;;;;;True;;;;;;;;
Newtown|COUN001756|632/165;Newtown|COUN001756;Stratigraphic sequence;;;;;;;;;;;;;False;;;False;;;;False;;;;;;;;;;;;;;True;;;;;;;;
Newtown|COUN001756|632/184;Newtown|COUN001756;Stratigraphic sequence;;;;;;;;;;;;;False;;;False;;;;False;;;;;;;;;;;;;;True;;;;;;;;
Newtown|COUN001756|632/184-2;Newtown|COUN001756;Stratigraphic sequence;;;;;;;;;;;;;False;;;False;;;;False;;;;;;;;;;;;;;True;;;;;;;;
Newtown|COUN001756|632/202;Newtown|COUN001756;Stratigraphic sequence;;;;;;;;;;;;;False;;;False;;;;False;;;;;;;;;;;;;;True;;;;;;;;
Newtown|COUN001756|633/216;Newtown|COUN001756;Stratigraphic sequence;;;;;;;;;;;;;False;;;False;;;;False;;;;;;;;;;;;;;True;;;;;;;;
Newtown|COUN001756|633/275;Newtown|COUN001756;Stratigraphic sequence;;;;;;;;;;;;;False;;;False;;;;False;;;;;;;;;;;;;;True;;;;;;;;
Newtown|COUN001756|634/151;Newtown|COUN001756;Stratigraphic sequence;;;;;;;;;;;;;False;;;False;;;;False;;;;;;;;;;;;;;True;;;;;;;;
Newtown|COUN001756|634/151-2;Newtown|COUN001756;Stratigraphic sequence;;;;;;;;;;;;;False;;;False;;;;False;;;;;;;;;;;;;;True;;;;;;;;
Newtown|COUN001756|634/151-635;Newtown|COUN001756;Stratigraphic sequence;;;;;;;;;;;;;False;;;False;;;;False;;;;;;;;;;;;;;True;;;;;;;;
Newtown|COUN001756|634/259;Newtown|COUN001756;Stratigraphic sequence;;;;;;;;;;;;;False;;;False;;;;False;;;;;;;;;;;;;;True;;;;;;;;
Newtown|COUN001756|635/145;Newtown|COUN001756;Stratigraphic sequence;;;;;;;;;;;;;False;;;False;;;;False;;;;;;;;;;;;;;True;;;;;;;;
Newtown|COUN001756|635/155;Newtown|COUN001756;Stratigraphic sequence;;;;;;;;;;;;;False;;;False;;;;False;;;;;;;;;;;;;;True;;;;;;;;
Newtown|COUN001756|635/187;Newtown|COUN001756;Stratigraphic sequence;;;;;;;;;;;;;False;;;False;;;;False;;;;;;;;;;;;;;True;;;;;;;;
Newtown|COUN001756|635/190;Newtown|COUN001756;Stratigraphic sequence;;;;;;;;;;;;;False;;;False;;;;False;;;;;;;;;;;;;;True;;;;;;;;
Newtown|COUN001756|636/172;Newtown|COUN001756;Stratigraphic sequence;;;;;;;;;;;;;False;;;False;;;;False;;;;;;;;;;;;;;True;;;;;;;;
Newtown|COUN001756|637/164;Newtown|COUN001756;Stratigraphic sequence;;;;;;;;;;;;;False;;;False;;;;False;;;;;;;;;;;;;;True;;;;;;;;
Newtown|COUN001756|638/146;Newtown|COUN001756;Stratigraphic sequence;;;;;;;;;;;;;False;;;False;;;;False;;;;;;;;;;;;;;True;;;;;;;;
Newtown|COUN001756|640/140;Newtown|COUN001756;Stratigraphic sequence;;;;;;;;;;;;;False;;;False;;;;False;;;;;;;;;;;;;;True;;;;;;;;
Newtown|COUN001756|640/155;Newtown|COUN001756;Stratigraphic sequence;;;;;;;;;;;;;False;;;False;;;;False;;;;;;;;;;;;;;True;;;;;;;;
Newtown|COUN001756|640/160;Newtown|COUN001756;Stratigraphic sequence;;;;;;;;;;;;;False;;;False;;;;False;;;;;;;;;;;;;;True;;;;;;;;
Newtown|COUN001756|641/150;Newtown|COUN001756;Stratigraphic sequence;;;;;;;;;;;;;False;;;False;;;;False;;;;;;;;;;;;;;True;;;;;;;;
Newtown|COUN001756|642/144;Newtown|COUN001756;Stratigraphic sequence;;;;;;;;;;;;;False;;;False;;;;False;;;;;;;;;;;;;;True;;;;;;;;
Newtown|COUN001756|642/145;Newtown|COUN001756;Stratigraphic sequence;;;;;;;;;;;;;False;;;False;;;;False;;;;;;;;;;;;;;True;;;;;;;;
Newtown|COUN001756|643/134;Newtown|COUN001756;Stratigraphic sequence;;;;;;;;;;;;;False;;;False;;;;False;;;;;;;;;;;;;;True;;;;;;;;
Newtown|COUN001756|644/145;Newtown|COUN001756;Stratigraphic sequence;;;;;;;;;;;;;False;;;False;;;;False;;;;;;;;;;;;;;True;;;;;;;;
Newtown|COUN001756|646/151;Newtown|COUN001756;Stratigraphic sequence;;;;;;;;;;;;;False;;;False;;;;False;;;;;;;;;;;;;;True;;;;;;;;
Newtown|COUN001756|647/143;Newtown|COUN001756;Stratigraphic sequence;;;;;;;;;;;;;False;;;False;;;;False;;;;;;;;;;;;;;True;;;;;;;;
Newtown|COUN001756|648/146;Newtown|COUN001756;Stratigraphic sequence;;;;;;;;;;;;;False;;;False;;;;False;;;;;;;;;;;;;;True;;;;;;;;
Newtown|COUN001756|649/147;Newtown|COUN001756;Stratigraphic sequence;;;;;;;;;;;;;False;;;False;;;;False;;;;;;;;;;;;;;True;;;;;;;;
Newtown|COUN001756|649/148;Newtown|COUN001756;Stratigraphic sequence;;;;;;;;;;;;;False;;;False;;;;False;;;;;;;;;;;;;;True;;;;;;;;
Newtown|COUN001756|651/145;Newtown|COUN001756;Stratigraphic sequence;;;;;;;;;;;;;False;;;False;;;;False;;;;;;;;;;;;;;True;;;;;;;;
Newtown|COUN001756|652/141;Newtown|COUN001756;Stratigraphic sequence;;;;;;;;;;;;;False;;;False;;;;False;;;;;;;;;;;;;;True;;;;;;;;
Newtown|COUN001756|653/134;Newtown|COUN001756;Stratigraphic sequence;;;;;;;;;;;;;False;;;False;;;;False;;;;;;;;;;;;;;True;;;;;;;;
Newtown|COUN001756|657/123;Newtown|COUN001756;Stratigraphic sequence;;;;;;;;;;;;;False;;;False;;;;False;;;;;;;;;;;;;;True;;;;;;;;
Newtown|COUN001756|659/123;Newtown|COUN001756;Stratigraphic sequence;;;;;;;;;;;;;False;;;False;;;;False;;;;;;;;;;;;;;True;;;;;;;;
Newtown|COUN001756|662/108;Newtown|COUN001756;Stratigraphic sequence;;;;;;;;;;;;;False;;;False;;;;False;;;;;;;;;;;;;;True;;;;;;;;
Newtown|COUN001756|663/111;Newtown|COUN001756;Stratigraphic sequence;;;;;;;;;;;;;False;;;False;;;;False;;;;;;;;;;;;;;True;;;;;;;;
Newtown|COUN001756|664/109;Newtown|COUN001756;Stratigraphic sequence;;;;;;;;;;;;;False;;;False;;;;False;;;;;;;;;;;;;;True;;;;;;;;
Newtown|COUN001756|665/111;Newtown|COUN001756;Stratigraphic sequence;;;;;;;;;;;;;False;;;False;;;;False;;;;;;;;;;;;;;True;;;;;;;;
Newtown|COUN001756|666/109;Newtown|COUN001756;Stratigraphic sequence;;;;;;;;;;;;;False;;;False;;;;False;;;;;;;;;;;;;;True;;;;;;;;
Newtown|COUN001756|666/113;Newtown|COUN001756;Stratigraphic sequence;;;;;;;;;;;;;False;;;False;;;;False;;;;;;;;;;;;;;True;;;;;;;;
Newtown|COUN001756|667/113;Newtown|COUN001756;Stratigraphic sequence;;;;;;;;;;;;;False;;;False;;;;False;;;;;;;;;;;;;;True;;;;;;;;
Newtown|COUN001756|708/069;Newtown|COUN001756;Stratigraphic sequence;;;;;;;;;;;;;False;;;False;;;;False;;;;;;;;;;;;;;True;;;;;;;;
Newtown|COUN001756|712/068;Newtown|COUN001756;Stratigraphic sequence;;;;;;;;;;;;;False;;;False;;;;False;;;;;;;;;;;;;;True;;;;;;;;
Newtown|COUN001756|714/064s10-15;Newtown|COUN001756;Stratigraphic sequence;;;;;;;;;;;;;False;;;False;;;;False;;;;;;;;;;;;;;True;;;;;;;;
Newtown|COUN001756|714/064s15-20;Newtown|COUN001756;Stratigraphic sequence;;;;;;;;;;;;;False;;;False;;;;False;;;;;;;;;;;;;;True;;;;;;;;
Newtown|COUN001756|714/064s20-25;Newtown|COUN001756;Stratigraphic sequence;;;;;;;;;;;;;False;;;False;;;;False;;;;;;;;;;;;;;True;;;;;;;;
Newtown|COUN001756|714/064s25-31;Newtown|COUN001756;Stratigraphic sequence;;;;;;;;;;;;;False;;;False;;;;False;;;;;;;;;;;;;;True;;;;;;;;
Newtown|COUN001756|714/064s31-38;Newtown|COUN001756;Stratigraphic sequence;;;;;;;;;;;;;False;;;False;;;;False;;;;;;;;;;;;;;True;;;;;;;;
Newtown|COUN001756|714/064s38-43;Newtown|COUN001756;Stratigraphic sequence;;;;;;;;;;;;;False;;;False;;;;False;;;;;;;;;;;;;;True;;;;;;;;
Newtown|COUN001756|714/064s43-45;Newtown|COUN001756;Stratigraphic sequence;;;;;;;;;;;;;False;;;False;;;;False;;;;;;;;;;;;;;True;;;;;;;;
Newtown|COUN001756|714/064s45-48;Newtown|COUN001756;Stratigraphic sequence;;;;;;;;;;;;;False;;;False;;;;False;;;;;;;;;;;;;;True;;;;;;;;
Newtown|COUN001756|714/064s48-52;Newtown|COUN001756;Stratigraphic sequence;;;;;;;;;;;;;False;;;False;;;;False;;;;;;;;;;;;;;True;;;;;;;;
Newtown|COUN001756|714/064s5-10;Newtown|COUN001756;Stratigraphic sequence;;;;;;;;;;;;;False;;;False;;;;False;;;;;;;;;;;;;;True;;;;;;;;
Newtown|COUN001756|714/064s52-56;Newtown|COUN001756;Stratigraphic sequence;;;;;;;;;;;;;False;;;False;;;;False;;;;;;;;;;;;;;True;;;;;;;;
Newtown|COUN001756|714/064s56-63;Newtown|COUN001756;Stratigraphic sequence;;;;;;;;;;;;;False;;;False;;;;False;;;;;;;;;;;;;;True;;;;;;;;
Newtown|COUN001756|714/064s63-70;Newtown|COUN001756;Stratigraphic sequence;;;;;;;;;;;;;False;;;False;;;;False;;;;;;;;;;;;;;True;;;;;;;;
Newtown|COUN001756|714/064s70-75;Newtown|COUN001756;Stratigraphic sequence;;;;;;;;;;;;;False;;;False;;;;False;;;;;;;;;;;;;;True;;;;;;;;
Newtown|COUN001756|714/064s75-78;Newtown|COUN001756;Stratigraphic sequence;;;;;;;;;;;;;False;;;False;;;;False;;;;;;;;;;;;;;True;;;;;;;;
Newtown|COUN001756|714/064s78-84;Newtown|COUN001756;Stratigraphic sequence;;;;;;;;;;;;;False;;;False;;;;False;;;;;;;;;;;;;;True;;;;;;;;
Newtown|COUN001756|714/064s84-91;Newtown|COUN001756;Stratigraphic sequence;;;;;;;;;;;;;False;;;False;;;;False;;;;;;;;;;;;;;True;;;;;;;;
Newtown|COUN001756|722/058;Newtown|COUN001756;Stratigraphic sequence;;;;;;;;;;;;;False;;;False;;;;False;;;;;;;;;;;;;;True;;;;;;;;
Newtown|COUN001756|722/059;Newtown|COUN001756;Stratigraphic sequence;;;;;;;;;;;;;False;;;False;;;;False;;;;;;;;;;;;;;True;;;;;;;;
Newtown|COUN001756|725/056;Newtown|COUN001756;Stratigraphic sequence;;;;;;;;;;;;;False;;;False;;;;False;;;;;;;;;;;;;;True;;;;;;;;
Newtown|COUN001756|728/053;Newtown|COUN001756;Stratigraphic sequence;;;;;;;;;;;;;False;;;False;;;;False;;;;;;;;;;;;;;True;;;;;;;;
Newtown|COUN001756|730/052;Newtown|COUN001756;Stratigraphic sequence;;;;;;;;;;;;;False;;;False;;;;False;;;;;;;;;;;;;;True;;;;;;;;
Newtown|COUN001756|731/051;Newtown|COUN001756;Stratigraphic sequence;;;;;;;;;;;;;False;;;False;;;;False;;;;;;;;;;;;;;True;;;;;;;;
Ricksy Ball|COUN001759|S1;Ricksy Ball|COUN001759;Stratigraphic sequence;90;;;;;;;;;;;;False;;;False;;10000;0;True;;;;;;;0;10000;;;;True;;;;;;;;10000;0;
Ricksy Ball|COUN001759|S2;Ricksy Ball|COUN001759;Stratigraphic sequence;80;;;;;;;;;;;;False;;;False;;10000;0;True;;;;;;;0;10000;;;;True;;;;;;;;10000;0;
Ricksy Ball|COUN001759|S3;Ricksy Ball|COUN001759;Stratigraphic sequence;70;;;;;;;;;;;;False;;;False;;10000;0;True;;;;;;;0;10000;;;;True;;;;;;;;10000;0;
Ricksy Ball|COUN001759|S4;Ricksy Ball|COUN001759;Stratigraphic sequence;60;;;;;;;;;;;;False;;;False;;10000;0;True;;;;;;;0;10000;;;;True;;;;;;;;10000;0;
Ricksy Ball|COUN001759|S5;Ricksy Ball|COUN001759;Stratigraphic sequence;50;;445;0;;;;;CalibC14;;;;True;153;416;True;;10000;0;True;0;445;;;416;153;0;10000;True;;;;True;;;;;;;445;0;
Ricksy Ball|COUN001759|S6;Ricksy Ball|COUN001759;Stratigraphic sequence;40;;;;;;;;;;;;False;;;False;;10000;0;True;;;;;;;0;10000;;;;True;;;;;;;;10000;0;
Ricksy Ball|COUN001759|S7;Ricksy Ball|COUN001759;Stratigraphic sequence;30;;;;;;;;;;;;False;;;False;;10000;0;True;;;;;;;0;10000;;;;True;;;;;;;;10000;0;
Santorini|COUN001751|BugsPresence;Santorini|COUN001751;Stratigraphic sequence;;;;;;;;;;;;;False;;;False;;122000;10000;True;;;;;;;10000;122000;;;;True;;;;;;;;122000;10000;
Shardlow: Channels G2, E, A and F|COUN001731|S1039_1;Shardlow: Channels G2, E, A and F|COUN001731;Stratigraphic sequence;;;;;;;;;;;;;False;;;False;;1907;1540;True;;;;;;;1540;1907;;;;True;;;;;;;;1907;1540;
Shardlow: Channels G2, E, A and F|COUN001731|S1039_2;Shardlow: Channels G2, E, A and F|COUN001731;Stratigraphic sequence;;;;;;;;;;;;;False;;;False;;1907;1540;True;;;;;;;1540;1907;;;;True;;;;;;;;1907;1540;
Shardlow: Channels G2, E, A and F|COUN001731|S1500;Shardlow: Channels G2, E, A and F|COUN001731;Stratigraphic sequence;;;;;;;;;;;;;False;5990;5759;True;;;;False;;;;;5759;5990;;;;;True;;;;;;;;;5990;5759;
Shardlow: Channels G2, E, A and F|COUN001731|S5002;Shardlow: Channels G2, E, A and F|COUN001731;Stratigraphic sequence;;;;;;;;;;;;;False;10483;6800;True;;;;False;;;;;6800;10483;;;;;True;;;;;;;;;10483;6800;
Shardlow: Channels G2, E, A and F|COUN001731|S5003;Shardlow: Channels G2, E, A and F|COUN001731;Stratigraphic sequence;;;;;;;;;;;;;False;10483;6800;True;;;;False;;;;;6800;10483;;;;;True;;;;;;;;;10483;6800;
Shardlow: Channels G2, E, A and F|COUN001731|S5005;Shardlow: Channels G2, E, A and F|COUN001731;Stratigraphic sequence;;;;;;;;;;;;;False;;;False;;10000;0;True;;;;;;;0;10000;;;;True;;;;;;;;10000;0;
Stanton Harcourt|COUN001761|S1;Stanton Harcourt|COUN001761;Stratigraphic sequence;;;;;;;;;;;;;False;;;False;;243000;191000;True;;;;;;;191000;243000;;;;True;;;;;;;;243000;191000;
Stanton Harcourt|COUN001761|S2;Stanton Harcourt|COUN001761;Stratigraphic sequence;;;;;;;;;;;;;False;;;False;;243000;191000;True;;;;;;;191000;243000;;;;True;;;;;;;;243000;191000;
Stanton Harcourt|COUN001761|S3;Stanton Harcourt|COUN001761;Stratigraphic sequence;;;;;;;;;;;;;False;;;False;;243000;191000;True;;;;;;;191000;243000;;;;True;;;;;;;;243000;191000;
Stanton Harcourt|COUN001761|S4;Stanton Harcourt|COUN001761;Stratigraphic sequence;;;;;;;;;;;;;False;;;False;;243000;191000;True;;;;;;;191000;243000;;;;True;;;;;;;;243000;191000;
Stanton Harcourt|COUN001761|S5;Stanton Harcourt|COUN001761;Stratigraphic sequence;;;;;;;;;;;;;False;;;False;;243000;191000;True;;;;;;;191000;243000;;;;True;;;;;;;;243000;191000;
